pokedex_id,species_name,name,generation,type1,type2,type_count,abilities,hidden_abilities,hp,hp_ratio,attack,attack_ratio,defense,defense_ratio,sp_attack,sp_attack_ratio,sp_defense,sp_defense_ratio,speed,speed_ratio,base_stat_total,dominant_stat,offense,bulk,speed_tier,stat_variance,stat_variance_quantile,stat_specialization,bst_percentile_gen,bst_gen_class,bst_percentile_all,bst_all_class,weakness_count,resistance_count,immunity_count,typing_defense_score,typing_defense_class,battle_archetypes,combat_profile,height_m,weight_kg,mass_index,mass_index_class,is_genderless,female_ratio,pokemon_class,base_experience,moves_count,capture_rate,base_happiness,hatch_counter,egg_groups,growth_rate,shape,color,genus,flavor_text,evolution_line,evolution_chain_length,evolution_stage,is_final_evolution,against_normal,against_fire,against_water,against_electric,against_grass,against_ice,against_fighting,against_poison,against_ground,against_flying,against_psychic,against_bug,against_rock,against_ghost,against_dragon,against_dark,against_steel,against_fairy
387,turtwig,turtwig,4,grass,,1,overgrow,shell-armor,55,0.17,68,0.21,64,0.2,45,0.14,55,0.17,31,0.1,318,attack,113,174,slow,150.33,2,balanced,0.14,bottom_tier,0.14,bottom_tier,5,4,0,-3.0,frail,weak_slow,frail-weak_slow,0.4,10.2,63.75,very_heavy,0,0.125,normal,64.0,84,45,70,20,"monster, plant",medium-slow,quadruped,green,Tiny Leaf Pokémon,"Made from soil, the shell on its back hardens when it drinks water. It lives along lakes.",turtwig --> grotle --> torterra,3,1,0,1.0,2.0,0.5,0.5,0.5,2.0,1.0,2.0,0.5,2.0,1.0,2.0,1.0,1.0,1.0,1.0,1.0,1.0
388,grotle,grotle,4,grass,,1,overgrow,shell-armor,75,0.19,89,0.22,85,0.21,55,0.14,65,0.16,36,0.09,405,attack,144,225,slow,329.92,3,slightly_specialized,0.27,lower_mid_tier,0.27,lower_mid_tier,5,4,0,-3.0,frail,slow_attacker,frail-slow_attacker,1.1,97.0,80.17,very_heavy,0,0.125,normal,142.0,84,45,70,20,"monster, plant",medium-slow,quadruped,green,Grove Pokémon,It knows where pure water wells up. It carries fellow Pokémon there on its back.,turtwig --> grotle --> torterra,3,2,0,1.0,2.0,0.5,0.5,0.5,2.0,1.0,2.0,0.5,2.0,1.0,2.0,1.0,1.0,1.0,1.0,1.0,1.0
389,torterra,torterra,4,grass,ground,2,overgrow,shell-armor,95,0.18,109,0.21,105,0.2,75,0.14,85,0.16,56,0.11,525,attack,184,285,slow,329.92,3,slightly_specialized,0.61,upper_mid_tier,0.61,upper_mid_tier,4,2,1,-1.5,exposed,tank,exposed-tank,2.2,310.0,64.05,very_heavy,0,0.125,normal,236.0,106,45,70,20,"monster, plant",medium-slow,quadruped,green,Continent Pokémon,Small Pokémon occasionally gather on its unmoving back to begin building their nests.,turtwig --> grotle --> torterra,3,3,1,1.0,2.0,1.0,0.0,1.0,4.0,1.0,1.0,0.5,2.0,1.0,2.0,0.5,1.0,1.0,1.0,1.0,1.0
390,chimchar,chimchar,4,fire,,1,blaze,iron-fist,44,0.14,58,0.19,44,0.14,58,0.19,44,0.14,61,0.2,309,speed,116,132,average,57.25,1,balanced,0.12,bottom_tier,0.12,bottom_tier,3,6,0,0.0,exposed,fragile,exposed-fragile,0.5,6.2,24.8,light,0,0.125,normal,62.0,100,45,70,20,"ground, humanshape",medium-slow,upright,brown,Chimp Pokémon,It agilely scales sheer cliffs to live atop craggy mountains. Its fire is put out when it sleeps.,chimchar --> monferno --> infernape,3,1,0,1.0,0.5,2.0,1.0,0.5,0.5,1.0,1.0,2.0,1.0,1.0,0.5,2.0,1.0,1.0,1.0,0.5,0.5
391,monferno,monferno,4,fire,fighting,2,blaze,iron-fist,64,0.16,78,0.19,52,0.13,78,0.19,52,0.13,81,0.2,405,speed,156,168,average,149.25,2,balanced,0.27,lower_mid_tier,0.27,lower_mid_tier,4,6,0,-1.0,exposed,midrange,exposed-midrange,0.9,22.0,27.16,light,0,0.125,normal,142.0,107,45,70,20,"ground, humanshape",medium-slow,upright,brown,Playful Pokémon,"To intimidate attackers, it stretches the fire on its tail to make itself appear bigger.",chimchar --> monferno --> infernape,3,2,0,1.0,0.5,2.0,1.0,0.5,0.5,1.0,1.0,2.0,2.0,2.0,0.25,1.0,1.0,1.0,0.5,0.5,1.0
392,infernape,infernape,4,fire,fighting,2,blaze,iron-fist,76,0.14,104,0.19,71,0.13,104,0.19,71,0.13,108,0.2,534,speed,208,218,fast,271.33,3,slightly_specialized,0.65,upper_mid_tier,0.65,upper_mid_tier,4,6,0,-1.0,exposed,sweeper,exposed-sweeper,1.2,55.0,38.19,heavy,0,0.125,normal,240.0,125,45,70,20,"ground, humanshape",medium-slow,upright,brown,Flame Pokémon,It uses a special kind of martial arts involving all its limbs. Its fire never goes out.,chimchar --> monferno --> infernape,3,3,1,1.0,0.5,2.0,1.0,0.5,0.5,1.0,1.0,2.0,2.0,2.0,0.25,1.0,1.0,1.0,0.5,0.5,1.0
393,piplup,piplup,4,water,,1,torrent,competitive,53,0.17,51,0.16,53,0.17,61,0.19,56,0.18,40,0.13,314,sp_attack,112,162,slow,40.56,1,balanced,0.14,bottom_tier,0.14,bottom_tier,2,4,0,0.0,exposed,weak_slow,exposed-weak_slow,0.4,5.2,32.5,heavy,0,0.125,normal,63.0,87,45,70,20,"water1, ground",medium-slow,humanoid,blue,Penguin Pokémon,"Because it is very proud, it hates accepting food from people. Its thick down guards it from cold.",piplup --> prinplup --> empoleon,3,1,0,1.0,0.5,0.5,2.0,2.0,0.5,1.0,1.0,1.0,1.0,1.0,1.0,1.0,1.0,1.0,1.0,0.5,1.0
394,prinplup,prinplup,4,water,,1,torrent,competitive,64,0.16,66,0.16,68,0.17,81,0.2,76,0.19,50,0.12,405,sp_attack,147,208,slow,95.92,2,balanced,0.27,lower_mid_tier,0.27,lower_mid_tier,2,4,0,0.0,exposed,slow_attacker,exposed-slow_attacker,0.8,23.0,35.94,heavy,0,0.125,normal,142.0,90,45,70,20,"water1, ground",medium-slow,upright,blue,Penguin Pokémon,"It lives alone, away from others. Apparently, every one of them believes it is the most important.",piplup --> prinplup --> empoleon,3,2,0,1.0,0.5,0.5,2.0,2.0,0.5,1.0,1.0,1.0,1.0,1.0,1.0,1.0,1.0,1.0,1.0,0.5,1.0
395,empoleon,empoleon,4,water,steel,2,torrent,competitive,84,0.16,86,0.16,88,0.17,111,0.21,101,0.19,60,0.11,530,sp_attack,197,273,average,250.22,2,slightly_specialized,0.64,upper_mid_tier,0.64,upper_mid_tier,3,10,1,3.5,iron,slow_attacker,iron-slow_attacker,1.7,84.5,29.24,average,0,0.125,normal,239.0,118,45,70,20,"water1, ground",medium-slow,upright,blue,Emperor Pokémon,The three horns that extend from its beak attest to its power. The leader has the biggest horns.,piplup --> prinplup --> empoleon,3,3,1,0.5,1.0,0.5,2.0,1.0,0.25,2.0,0.0,2.0,0.5,0.5,0.5,0.5,1.0,0.5,1.0,0.25,0.5
396,starly,starly,4,normal,flying,2,keen-eye,reckless,40,0.16,55,0.22,30,0.12,30,0.12,30,0.12,60,0.24,245,speed,85,100,average,153.47,2,balanced,0.05,bottom_tier,0.05,bottom_tier,3,2,2,1.0,solid,weak_slow,solid-weak_slow,0.3,2.0,22.22,light,0,0.5,normal,49.0,67,255,70,15,flying,medium-slow,wings,brown,Starling Pokémon,"They flock in great numbers. Though small, they flap their wings with great power.",starly --> staravia --> staraptor,3,1,0,1.0,1.0,1.0,2.0,0.5,2.0,1.0,1.0,0.0,1.0,1.0,0.5,2.0,0.0,1.0,1.0,1.0,1.0
397,staravia,staravia,4,normal,flying,2,intimidate,reckless,55,0.16,75,0.22,50,0.15,40,0.12,40,0.12,80,0.24,340,speed,115,145,average,247.22,2,slightly_specialized,0.2,bottom_tier,0.2,bottom_tier,3,2,2,1.0,solid,fragile,solid-fragile,0.6,15.5,43.06,heavy,0,0.5,normal,119.0,60,120,70,15,flying,medium-slow,wings,brown,Starling Pokémon,It flies around forests and fields in search of bug Pokémon. It stays within a huge flock.,starly --> staravia --> staraptor,3,2,0,1.0,1.0,1.0,2.0,0.5,2.0,1.0,1.0,0.0,1.0,1.0,0.5,2.0,0.0,1.0,1.0,1.0,1.0
398,staraptor,staraptor,4,normal,flying,2,intimidate,reckless,85,0.18,120,0.25,70,0.14,50,0.1,60,0.12,100,0.21,485,attack,170,215,fast,570.14,4,specialized,0.44,mid_tier,0.44,mid_tier,3,2,2,1.0,solid,midrange,solid-midrange,1.2,24.9,17.29,very_light,0,0.5,normal,218.0,65,45,70,15,flying,medium-slow,wings,brown,Predator Pokémon,It has a savage nature. It will courageously challenge foes that are much larger.,starly --> staravia --> staraptor,3,3,1,1.0,1.0,1.0,2.0,0.5,2.0,1.0,1.0,0.0,1.0,1.0,0.5,2.0,0.0,1.0,1.0,1.0,1.0
398,staraptor,staraptor-mega,4,fighting,flying,2,,,85,0.15,140,0.24,100,0.17,60,0.1,90,0.15,110,0.19,585,attack,200,275,fast,597.92,4,specialized,0.74,upper_mid_tier,0.74,upper_mid_tier,5,4,1,-1.5,exposed,juggernaut,exposed-juggernaut,1.9,50.0,13.85,very_light,0,0.5,normal,,0,45,70,15,flying,medium-slow,wings,brown,Predator Pokémon,It has a savage nature. It will courageously challenge foes that are much larger.,starly --> staravia --> staraptor,3,3,1,1.0,1.0,1.0,2.0,0.5,2.0,0.5,1.0,0.0,2.0,2.0,0.25,1.0,1.0,1.0,0.5,1.0,2.0
399,bidoof,bidoof,4,normal,,1,"simple, unaware",moody,59,0.24,45,0.18,40,0.16,35,0.14,40,0.16,31,0.12,250,hp,80,139,slow,79.22,2,balanced,0.05,bottom_tier,0.05,bottom_tier,1,0,1,0.5,neutral,weak_slow,neutral-weak_slow,0.5,20.0,80.0,very_heavy,0,0.5,normal,50.0,71,255,70,15,"water1, ground",medium,quadruped,brown,Plump Mouse Pokémon,"With nerves of steel, nothing can perturb it. It is more agile and active than it appears.",bidoof --> bibarel,2,1,0,1.0,1.0,1.0,1.0,1.0,1.0,2.0,1.0,1.0,1.0,1.0,1.0,1.0,0.0,1.0,1.0,1.0,1.0
400,bibarel,bibarel,4,normal,water,2,"simple, unaware",moody,79,0.19,85,0.21,60,0.15,55,0.13,60,0.15,71,0.17,410,attack,140,199,average,119.22,2,balanced,0.29,lower_mid_tier,0.29,lower_mid_tier,3,4,1,0.5,neutral,fragile,neutral-fragile,1.0,31.5,31.5,average,0,0.5,normal,144.0,82,127,70,15,"water1, ground",medium,upright,brown,Beaver Pokémon,It makes its nest by damming streams with bark and mud. It is known as an industrious worker.,bidoof --> bibarel,2,2,1,1.0,0.5,0.5,2.0,2.0,0.5,2.0,1.0,1.0,1.0,1.0,1.0,1.0,0.0,1.0,1.0,0.5,1.0
401,kricketot,kricketot,4,bug,,1,shed-skin,run-away,37,0.19,25,0.13,41,0.21,25,0.13,41,0.21,25,0.13,194,defense,50,119,slow,55.56,1,balanced,0.01,bottom_tier,0.01,bottom_tier,3,3,0,-1.5,exposed,weak_slow,exposed-weak_slow,0.3,2.2,24.44,light,0,0.5,normal,39.0,15,255,70,15,bug,medium-slow,humanoid,red,Cricket Pokémon,"It shakes its head back to front, causing its antennae to hit each other and sound like a xylophone.",kricketot --> kricketune,2,1,0,1.0,2.0,1.0,1.0,0.5,1.0,0.5,1.0,0.5,2.0,1.0,1.0,2.0,1.0,1.0,1.0,1.0,1.0
402,kricketune,kricketune,4,bug,,1,swarm,technician,77,0.2,85,0.22,51,0.13,55,0.14,51,0.13,65,0.17,384,attack,140,179,average,171.67,2,balanced,0.25,lower_mid_tier,0.25,lower_mid_tier,3,3,0,-1.5,exposed,fragile,exposed-fragile,1.0,25.5,25.5,light,0,0.5,normal,134.0,74,45,70,15,bug,medium-slow,bug-wings,red,Cricket Pokémon,It crosses its knifelike arms in front of its chest when it cries. It can compose melodies ad lib.,kricketot --> kricketune,2,2,1,1.0,2.0,1.0,1.0,0.5,1.0,0.5,1.0,0.5,2.0,1.0,1.0,2.0,1.0,1.0,1.0,1.0,1.0
403,shinx,shinx,4,electric,,1,"rivalry, intimidate",guts,45,0.17,65,0.25,34,0.13,40,0.15,34,0.13,45,0.17,263,attack,105,113,slow,109.81,2,balanced,0.06,bottom_tier,0.06,bottom_tier,1,3,0,0.5,neutral,weak_slow,neutral-weak_slow,0.5,9.5,38.0,heavy,0,0.5,normal,53.0,72,235,70,20,ground,medium-slow,quadruped,blue,Flash Pokémon,All of its fur dazzles if danger is sensed. It flees while the foe is momentarily blinded.,shinx --> luxio --> luxray,3,1,0,1.0,1.0,1.0,0.5,1.0,1.0,1.0,1.0,2.0,0.5,1.0,1.0,1.0,1.0,1.0,1.0,0.5,1.0
404,luxio,luxio,4,electric,,1,"rivalry, intimidate",guts,60,0.17,85,0.23,49,0.13,60,0.17,49,0.13,60,0.17,363,attack,145,158,average,144.25,2,balanced,0.24,lower_mid_tier,0.24,lower_mid_tier,1,3,0,0.5,neutral,weak_slow,neutral-weak_slow,0.9,30.5,37.65,heavy,0,0.5,normal,127.0,68,120,100,20,ground,medium-slow,quadruped,blue,Spark Pokémon,Its claws loose electricity with enough amperage to cause fainting. They live in small groups.,shinx --> luxio --> luxray,3,2,0,1.0,1.0,1.0,0.5,1.0,1.0,1.0,1.0,2.0,0.5,1.0,1.0,1.0,1.0,1.0,1.0,0.5,1.0
405,luxray,luxray,4,electric,,1,"rivalry, intimidate",guts,80,0.15,120,0.23,79,0.15,95,0.18,79,0.15,70,0.13,523,attack,215,238,average,269.81,3,slightly_specialized,0.58,mid_tier,0.58,mid_tier,1,3,0,0.5,neutral,attacker,neutral-attacker,1.4,42.0,21.43,light,0,0.5,normal,235.0,76,45,70,20,ground,medium-slow,quadruped,blue,Gleam Eyes Pokémon,It has eyes that can see through anything. It spots and captures prey hiding behind objects.,shinx --> luxio --> luxray,3,3,1,1.0,1.0,1.0,0.5,1.0,1.0,1.0,1.0,2.0,0.5,1.0,1.0,1.0,1.0,1.0,1.0,0.5,1.0
406,budew,budew,4,grass,poison,2,"natural-cure, poison-point",leaf-guard,40,0.14,30,0.11,35,0.12,50,0.18,70,0.25,55,0.2,280,sp_defense,80,145,slow,180.56,2,balanced,0.07,bottom_tier,0.07,bottom_tier,4,5,0,-1.5,exposed,weak_slow,exposed-weak_slow,0.2,1.2,30.0,average,0,0.5,normal,56.0,63,255,70,20,no-eggs,medium-slow,humanoid,green,Bud Pokémon,"Over the winter, it closes its bud and endures the cold. In spring, the bud opens and releases pollen.",budew --> roselia --> roserade,3,1,0,1.0,2.0,0.5,0.5,0.25,2.0,0.5,1.0,1.0,2.0,2.0,1.0,1.0,1.0,1.0,1.0,1.0,0.5
407,roserade,roserade,4,grass,poison,2,"natural-cure, poison-point",technician,60,0.12,70,0.14,65,0.13,125,0.24,105,0.2,90,0.17,515,sp_attack,195,230,average,545.14,4,specialized,0.53,mid_tier,0.53,mid_tier,4,5,0,-1.5,exposed,balanced,exposed-balanced,0.9,14.5,17.9,very_light,0,0.5,normal,232.0,70,75,70,20,"fairy, plant",medium-slow,humanoid,green,Bouquet Pokémon,"It attracts prey with a sweet aroma, then downs it with thorny whips hidden in its arms.",budew --> roselia --> roserade,3,3,1,1.0,2.0,0.5,0.5,0.25,2.0,0.5,1.0,1.0,2.0,2.0,1.0,1.0,1.0,1.0,1.0,1.0,0.5
408,cranidos,cranidos,4,rock,,1,mold-breaker,sheer-force,67,0.19,125,0.36,40,0.11,30,0.09,30,0.09,58,0.17,350,attack,155,137,slow,1076.89,5,highly_specialized,0.23,lower_mid_tier,0.23,lower_mid_tier,5,4,0,-3.0,frail,slow_attacker,frail-slow_attacker,0.9,31.5,38.89,heavy,0,0.125,normal,70.0,87,45,70,30,monster,slow-then-very-fast,upright,blue,Head Butt Pokémon,It lived in jungles around 100 million years ago. Its skull is as hard as iron.,cranidos --> rampardos,2,1,0,0.5,0.5,2.0,1.0,2.0,1.0,2.0,0.5,2.0,0.5,1.0,1.0,1.0,1.0,1.0,1.0,2.0,1.0
409,rampardos,rampardos,4,rock,,1,mold-breaker,sheer-force,97,0.2,165,0.33,60,0.12,65,0.13,50,0.1,58,0.12,495,attack,230,207,slow,1580.92,5,extreme,0.47,mid_tier,0.47,mid_tier,5,4,0,-3.0,frail,glass_cannon,frail-glass_cannon,1.6,102.5,40.04,heavy,0,0.125,normal,173.0,105,45,70,30,monster,slow-then-very-fast,upright,blue,Head Butt Pokémon,Its powerful head butt has enough power to shatter even the most durable things upon impact.,cranidos --> rampardos,2,2,1,0.5,0.5,2.0,1.0,2.0,1.0,2.0,0.5,2.0,0.5,1.0,1.0,1.0,1.0,1.0,1.0,2.0,1.0
410,shieldon,shieldon,4,rock,steel,2,sturdy,soundproof,30,0.09,42,0.12,118,0.34,42,0.12,88,0.25,30,0.09,350,defense,84,236,slow,1096.56,5,highly_specialized,0.23,lower_mid_tier,0.23,lower_mid_tier,3,8,1,2.5,iron,slow_attacker,iron-slow_attacker,0.5,57.0,228.0,very_heavy,0,0.125,normal,70.0,77,45,70,30,monster,slow-then-very-fast,quadruped,gray,Shield Pokémon,A Pokémon that lived in jungles around 100 million years ago. Its facial hide is extremely hard.,shieldon --> bastiodon,2,1,0,0.25,1.0,2.0,1.0,1.0,0.5,4.0,0.0,4.0,0.25,0.5,0.5,0.5,1.0,0.5,1.0,1.0,0.5
411,bastiodon,bastiodon,4,rock,steel,2,sturdy,soundproof,60,0.12,52,0.11,168,0.34,47,0.09,138,0.28,30,0.06,495,defense,99,366,slow,2640.58,5,extreme,0.47,mid_tier,0.47,mid_tier,3,8,1,2.5,iron,tank,iron-tank,1.3,149.5,88.46,very_heavy,0,0.125,normal,173.0,88,45,70,30,monster,slow-then-very-fast,quadruped,gray,Shield Pokémon,Any frontal attack is repulsed. It is a docile Pokémon that feeds on grass and berries.,shieldon --> bastiodon,2,2,1,0.25,1.0,2.0,1.0,1.0,0.5,4.0,0.0,4.0,0.25,0.5,0.5,0.5,1.0,0.5,1.0,1.0,0.5
412,burmy,burmy-plant,4,bug,,1,shed-skin,overcoat,40,0.18,29,0.13,45,0.2,29,0.13,45,0.2,36,0.16,224,defense,58,130,slow,44.22,1,balanced,0.03,bottom_tier,0.03,bottom_tier,3,3,0,-1.5,exposed,weak_slow,exposed-weak_slow,0.2,3.4,85.0,very_heavy,0,0.5,normal,45.0,8,120,70,15,bug,medium,blob,green,Bagworm Pokémon,"To shelter itself from cold, wintry winds, it covers itself with a cloak made of twigs and leaves.",burmy --> wormadam,2,1,0,1.0,2.0,1.0,1.0,0.5,1.0,0.5,1.0,0.5,2.0,1.0,1.0,2.0,1.0,1.0,1.0,1.0,1.0
412,burmy,burmy-sandy,4,bug,,1,shed-skin,overcoat,40,0.18,29,0.13,45,0.2,29,0.13,45,0.2,36,0.16,224,defense,58,130,slow,44.22,1,balanced,0.03,bottom_tier,0.03,bottom_tier,3,3,0,-1.5,exposed,weak_slow,exposed-weak_slow,0.2,3.4,85.0,very_heavy,0,0.5,normal,45.0,8,120,70,15,bug,medium,blob,green,Bagworm Pokémon,"To shelter itself from cold, wintry winds, it covers itself with a cloak made of twigs and leaves.",burmy --> wormadam,2,1,0,1.0,2.0,1.0,1.0,0.5,1.0,0.5,1.0,0.5,2.0,1.0,1.0,2.0,1.0,1.0,1.0,1.0,1.0
412,burmy,burmy-trash,4,bug,,1,shed-skin,overcoat,40,0.18,29,0.13,45,0.2,29,0.13,45,0.2,36,0.16,224,defense,58,130,slow,44.22,1,balanced,0.03,bottom_tier,0.03,bottom_tier,3,3,0,-1.5,exposed,weak_slow,exposed-weak_slow,0.2,3.4,85.0,very_heavy,0,0.5,normal,45.0,8,120,70,15,bug,medium,blob,green,Bagworm Pokémon,"To shelter itself from cold, wintry winds, it covers itself with a cloak made of twigs and leaves.",burmy --> wormadam,2,1,0,1.0,2.0,1.0,1.0,0.5,1.0,0.5,1.0,0.5,2.0,1.0,1.0,2.0,1.0,1.0,1.0,1.0,1.0
413,wormadam,wormadam-plant,4,bug,grass,2,anticipation,overcoat,60,0.14,59,0.14,85,0.2,79,0.19,105,0.25,36,0.08,424,sp_defense,138,250,slow,484.22,4,slightly_specialized,0.32,lower_mid_tier,0.32,lower_mid_tier,6,5,0,-3.5,frail,slow_attacker,frail-slow_attacker,0.5,6.5,26.0,light,0,1.0,normal,148.0,64,45,70,15,bug,medium,blob,green,Bagworm Pokémon,"When BURMY evolved, its cloak became a part of this Pokémon’s body. The cloak is never shed.",burmy --> wormadam,2,2,1,1.0,4.0,0.5,0.5,0.25,2.0,0.5,2.0,0.25,4.0,1.0,2.0,2.0,1.0,1.0,1.0,1.0,1.0
413,wormadam,wormadam-sandy,4,bug,ground,2,anticipation,overcoat,60,0.14,79,0.19,105,0.25,59,0.14,85,0.2,36,0.08,424,defense,138,250,slow,484.22,4,slightly_specialized,0.32,lower_mid_tier,0.32,lower_mid_tier,4,3,1,-1.0,exposed,slow_attacker,exposed-slow_attacker,0.5,6.5,26.0,light,0,1.0,normal,148.0,65,45,70,15,bug,medium,blob,green,Bagworm Pokémon,"When BURMY evolved, its cloak became a part of this Pokémon’s body. The cloak is never shed.",burmy --> wormadam,2,2,1,1.0,2.0,2.0,0.0,1.0,2.0,0.5,0.5,0.5,2.0,1.0,1.0,1.0,1.0,1.0,1.0,1.0,1.0
413,wormadam,wormadam-trash,4,bug,steel,2,anticipation,overcoat,60,0.14,69,0.16,95,0.22,69,0.16,95,0.22,36,0.08,424,defense,138,250,slow,417.56,4,slightly_specialized,0.32,lower_mid_tier,0.32,lower_mid_tier,1,8,1,4.5,iron,slow_attacker,iron-slow_attacker,0.5,6.5,26.0,light,0,1.0,normal,148.0,69,45,70,15,bug,medium,blob,green,Bagworm Pokémon,"When BURMY evolved, its cloak became a part of this Pokémon’s body. The cloak is never shed.",burmy --> wormadam,2,2,1,0.5,4.0,1.0,1.0,0.25,0.5,1.0,0.0,1.0,1.0,0.5,0.5,1.0,1.0,0.5,1.0,0.5,0.5
414,mothim,mothim-plant,4,bug,flying,2,swarm,tinted-lens,70,0.17,94,0.22,50,0.12,94,0.22,50,0.12,66,0.16,424,attack,188,170,average,327.56,3,slightly_specialized,0.32,lower_mid_tier,0.32,lower_mid_tier,5,3,1,-2.0,frail,midrange,frail-midrange,0.9,23.3,28.77,average,0,0.0,normal,148.0,63,45,70,15,bug,medium,bug-wings,yellow,Moth Pokémon,It loves the honey of flowers and steals honey collected by COMBEE.,burmy --> wormadam,2,2,1,1.0,2.0,1.0,2.0,0.25,2.0,0.25,1.0,0.0,2.0,1.0,0.5,4.0,1.0,1.0,1.0,1.0,1.0
414,mothim,mothim-sandy,4,bug,flying,2,swarm,tinted-lens,70,0.17,94,0.22,50,0.12,94,0.22,50,0.12,66,0.16,424,attack,188,170,average,327.56,3,slightly_specialized,0.32,lower_mid_tier,0.32,lower_mid_tier,5,3,1,-2.0,frail,midrange,frail-midrange,0.9,23.3,28.77,average,0,0.0,normal,148.0,63,45,70,15,bug,medium,bug-wings,yellow,Moth Pokémon,It loves the honey of flowers and steals honey collected by COMBEE.,burmy --> wormadam,2,2,1,1.0,2.0,1.0,2.0,0.25,2.0,0.25,1.0,0.0,2.0,1.0,0.5,4.0,1.0,1.0,1.0,1.0,1.0
414,mothim,mothim-trash,4,bug,flying,2,swarm,tinted-lens,70,0.17,94,0.22,50,0.12,94,0.22,50,0.12,66,0.16,424,attack,188,170,average,327.56,3,slightly_specialized,0.32,lower_mid_tier,0.32,lower_mid_tier,5,3,1,-2.0,frail,midrange,frail-midrange,0.9,23.3,28.77,average,0,0.0,normal,148.0,63,45,70,15,bug,medium,bug-wings,yellow,Moth Pokémon,It loves the honey of flowers and steals honey collected by COMBEE.,burmy --> wormadam,2,2,1,1.0,2.0,1.0,2.0,0.25,2.0,0.25,1.0,0.0,2.0,1.0,0.5,4.0,1.0,1.0,1.0,1.0,1.0
415,combee,combee,4,bug,flying,2,honey-gather,hustle,30,0.12,30,0.12,42,0.17,30,0.12,42,0.17,70,0.29,244,speed,60,114,average,200.89,2,slightly_specialized,0.04,bottom_tier,0.04,bottom_tier,5,3,1,-2.0,frail,fragile,frail-fragile,0.3,5.5,61.11,very_heavy,0,0.125,normal,49.0,18,120,70,15,bug,medium-slow,heads,yellow,Tiny Bee Pokémon,A Pokémon formed by three others. It busily carries sweet floral honey to VESPIQUEN.,combee --> vespiquen,2,1,0,1.0,2.0,1.0,2.0,0.25,2.0,0.25,1.0,0.0,2.0,1.0,0.5,4.0,1.0,1.0,1.0,1.0,1.0
416,vespiquen,vespiquen,4,bug,flying,2,pressure,unnerve,70,0.15,80,0.17,102,0.22,80,0.17,102,0.22,40,0.08,474,defense,160,274,slow,443.67,4,slightly_specialized,0.38,lower_mid_tier,0.38,lower_mid_tier,5,3,1,-2.0,frail,slow_attacker,frail-slow_attacker,1.2,38.5,26.74,light,0,1.0,normal,166.0,94,45,70,15,bug,medium-slow,bug-wings,yellow,Beehive Pokémon,Its abdomen is a honeycomb for grubs. It raises its grubs on honey collected by COMBEE.,combee --> vespiquen,2,2,1,1.0,2.0,1.0,2.0,0.25,2.0,0.25,1.0,0.0,2.0,1.0,0.5,4.0,1.0,1.0,1.0,1.0,1.0
417,pachirisu,pachirisu,4,electric,,1,"run-away, pickup",volt-absorb,60,0.15,45,0.11,70,0.17,45,0.11,90,0.22,95,0.23,405,speed,90,220,average,389.58,3,slightly_specialized,0.27,lower_mid_tier,0.27,lower_mid_tier,1,3,0,0.5,neutral,midrange,neutral-midrange,0.4,3.9,24.37,light,0,0.5,normal,142.0,91,200,100,10,"ground, fairy",medium,quadruped,white,EleSquirrel Pokémon,It makes fur balls that crackle with static electricity. It stores them with berries in tree holes.,pachirisu,1,0,0,1.0,1.0,1.0,0.5,1.0,1.0,1.0,1.0,2.0,0.5,1.0,1.0,1.0,1.0,1.0,1.0,0.5,1.0
418,buizel,buizel,4,water,,1,swift-swim,water-veil,55,0.17,65,0.2,35,0.11,60,0.18,30,0.09,85,0.26,330,speed,125,120,average,341.67,3,slightly_specialized,0.18,bottom_tier,0.18,bottom_tier,2,4,0,0.0,exposed,fragile,exposed-fragile,0.7,29.5,60.2,very_heavy,0,0.5,normal,66.0,87,190,70,20,"water1, ground",medium,quadruped,brown,Sea Weasel Pokémon,It has a flotation sac that is like an inflatable collar. It floats on water with its head out.,buizel --> floatzel,2,1,0,1.0,0.5,0.5,2.0,2.0,0.5,1.0,1.0,1.0,1.0,1.0,1.0,1.0,1.0,1.0,1.0,0.5,1.0
419,floatzel,floatzel,4,water,,1,swift-swim,water-veil,85,0.17,105,0.21,55,0.11,85,0.17,50,0.1,115,0.23,495,speed,190,190,fast,564.58,4,specialized,0.47,mid_tier,0.47,mid_tier,2,4,0,0.0,exposed,midrange,exposed-midrange,1.1,33.5,27.69,light,0,0.5,normal,173.0,89,75,70,20,"water1, ground",medium,quadruped,brown,Sea Weasel Pokémon,It floats using its well-developed flotation sac. It assists in the rescues of drowning people.,buizel --> floatzel,2,2,1,1.0,0.5,0.5,2.0,2.0,0.5,1.0,1.0,1.0,1.0,1.0,1.0,1.0,1.0,1.0,1.0,0.5,1.0
420,cherubi,cherubi,4,grass,,1,chlorophyll,,45,0.16,35,0.13,45,0.16,62,0.23,53,0.19,35,0.13,275,sp_attack,97,143,slow,91.47,2,balanced,0.06,bottom_tier,0.06,bottom_tier,5,4,0,-3.0,frail,weak_slow,frail-weak_slow,0.4,3.3,20.62,light,0,0.5,normal,55.0,63,190,70,20,"fairy, plant",medium,heads,pink,Cherry Pokémon,"The small ball holds the nutrients needed for evolution. Apparently, it is very sweet and tasty.",cherubi --> cherrim,2,1,0,1.0,2.0,0.5,0.5,0.5,2.0,1.0,2.0,0.5,2.0,1.0,2.0,1.0,1.0,1.0,1.0,1.0,1.0
421,cherrim,cherrim-overcast,4,grass,,1,flower-gift,,70,0.16,60,0.13,70,0.16,87,0.19,78,0.17,85,0.19,450,sp_attack,147,218,average,88.0,2,balanced,0.35,lower_mid_tier,0.35,lower_mid_tier,5,4,0,-3.0,frail,balanced,frail-balanced,0.5,9.3,37.2,heavy,0,0.5,normal,158.0,60,75,70,20,"fairy, plant",medium,legs,purple,Blossom Pokémon,It blooms during times of strong sunlight. It tries to make up for everything it endured as a bud.,cherubi --> cherrim,2,2,1,1.0,2.0,0.5,0.5,0.5,2.0,1.0,2.0,0.5,2.0,1.0,2.0,1.0,1.0,1.0,1.0,1.0,1.0
421,cherrim,cherrim-sunshine,4,grass,,1,flower-gift,,70,0.16,60,0.13,70,0.16,87,0.19,78,0.17,85,0.19,450,sp_attack,147,218,average,88.0,2,balanced,0.35,lower_mid_tier,0.35,lower_mid_tier,5,4,0,-3.0,frail,balanced,frail-balanced,0.5,9.3,37.2,heavy,0,0.5,normal,158.0,60,75,70,20,"fairy, plant",medium,legs,purple,Blossom Pokémon,It blooms during times of strong sunlight. It tries to make up for everything it endured as a bud.,cherubi --> cherrim,2,2,1,1.0,2.0,0.5,0.5,0.5,2.0,1.0,2.0,0.5,2.0,1.0,2.0,1.0,1.0,1.0,1.0,1.0,1.0
422,shellos,shellos-west,4,water,,1,"sticky-hold, storm-drain",sand-force,76,0.23,48,0.15,48,0.15,57,0.18,62,0.19,34,0.1,325,hp,105,186,slow,171.47,2,balanced,0.15,bottom_tier,0.15,bottom_tier,2,4,0,0.0,exposed,weak_slow,exposed-weak_slow,0.3,6.3,70.0,very_heavy,0,0.5,normal,65.0,76,190,70,20,"water1, indeterminate",medium,squiggle,purple,Sea Slug Pokémon,"Its colors and shapes differ from region to region. In the Sinnoh region, two types are confirmed.",shellos --> gastrodon,2,1,0,1.0,0.5,0.5,2.0,2.0,0.5,1.0,1.0,1.0,1.0,1.0,1.0,1.0,1.0,1.0,1.0,0.5,1.0
422,shellos,shellos-east,4,water,,1,"sticky-hold, storm-drain",sand-force,76,0.23,48,0.15,48,0.15,57,0.18,62,0.19,34,0.1,325,hp,105,186,slow,171.47,2,balanced,0.15,bottom_tier,0.15,bottom_tier,2,4,0,0.0,exposed,weak_slow,exposed-weak_slow,0.3,6.3,70.0,very_heavy,0,0.5,normal,65.0,76,190,70,20,"water1, indeterminate",medium,squiggle,purple,Sea Slug Pokémon,"Its colors and shapes differ from region to region. In the Sinnoh region, two types are confirmed.",shellos --> gastrodon,2,1,0,1.0,0.5,0.5,2.0,2.0,0.5,1.0,1.0,1.0,1.0,1.0,1.0,1.0,1.0,1.0,1.0,0.5,1.0
423,gastrodon,gastrodon-west,4,water,ground,2,"sticky-hold, storm-drain",sand-force,111,0.23,83,0.17,68,0.14,92,0.19,82,0.17,39,0.08,475,hp,175,261,slow,489.81,4,slightly_specialized,0.39,lower_mid_tier,0.39,lower_mid_tier,1,4,1,2.5,iron,slow_attacker,iron-slow_attacker,0.9,29.9,36.91,heavy,0,0.5,normal,166.0,79,75,70,20,"water1, indeterminate",medium,squiggle,purple,Sea Slug Pokémon,"It has a pliable body without any bones. If any part of its body is torn off, it grows right back.",shellos --> gastrodon,2,2,1,1.0,0.5,1.0,0.0,4.0,1.0,1.0,0.5,1.0,1.0,1.0,1.0,0.5,1.0,1.0,1.0,0.5,1.0
423,gastrodon,gastrodon-east,4,water,ground,2,"sticky-hold, storm-drain",sand-force,111,0.23,83,0.17,68,0.14,92,0.19,82,0.17,39,0.08,475,hp,175,261,slow,489.81,4,slightly_specialized,0.39,lower_mid_tier,0.39,lower_mid_tier,1,4,1,2.5,iron,slow_attacker,iron-slow_attacker,0.9,29.9,36.91,heavy,0,0.5,normal,166.0,79,75,70,20,"water1, indeterminate",medium,squiggle,purple,Sea Slug Pokémon,"It has a pliable body without any bones. If any part of its body is torn off, it grows right back.",shellos --> gastrodon,2,2,1,1.0,0.5,1.0,0.0,4.0,1.0,1.0,0.5,1.0,1.0,1.0,1.0,0.5,1.0,1.0,1.0,0.5,1.0
424,ambipom,ambipom,4,normal,,1,"technician, pickup",skill-link,75,0.16,100,0.21,66,0.14,60,0.12,66,0.14,115,0.24,482,speed,160,207,fast,406.89,4,slightly_specialized,0.43,mid_tier,0.43,mid_tier,1,0,1,0.5,neutral,midrange,neutral-midrange,1.2,20.3,14.1,very_light,0,0.5,normal,169.0,105,45,100,20,ground,fast,upright,purple,Long Tail Pokémon,"To eat, it deftly shucks nuts with its two tails. It rarely uses its arms now.",aipom --> ambipom,2,2,1,1.0,1.0,1.0,1.0,1.0,1.0,2.0,1.0,1.0,1.0,1.0,1.0,1.0,0.0,1.0,1.0,1.0,1.0
425,drifloon,drifloon,4,ghost,flying,2,"aftermath, unburden",flare-boost,90,0.26,50,0.14,34,0.1,60,0.17,44,0.13,70,0.2,348,hp,110,168,average,334.67,3,slightly_specialized,0.21,lower_mid_tier,0.21,lower_mid_tier,5,3,3,1.0,solid,fragile,solid-fragile,0.4,1.2,7.5,very_light,0,0.5,normal,70.0,96,125,70,30,indeterminate,fast-then-very-slow,arms,purple,Balloon Pokémon,"A Pokémon formed by the spirits of people and Pokémon. It loves damp, humid seasons.",drifloon --> drifblim,2,1,0,0.0,1.0,1.0,2.0,0.5,2.0,0.0,0.5,0.0,1.0,1.0,0.25,2.0,2.0,1.0,2.0,1.0,1.0
426,drifblim,drifblim,4,ghost,flying,2,"aftermath, unburden",flare-boost,150,0.3,80,0.16,44,0.09,90,0.18,54,0.11,80,0.16,498,hp,170,248,average,1153.0,5,highly_specialized,0.49,mid_tier,0.49,mid_tier,5,3,3,1.0,solid,balanced,solid-balanced,1.2,15.0,10.42,very_light,0,0.5,normal,174.0,98,60,70,30,indeterminate,fast-then-very-slow,arms,purple,Blimp Pokémon,"At dusk, swarms of them are carried aloft on winds. When noticed, they suddenly vanish.",drifloon --> drifblim,2,2,1,0.0,1.0,1.0,2.0,0.5,2.0,0.0,0.5,0.0,1.0,1.0,0.25,2.0,2.0,1.0,2.0,1.0,1.0
427,buneary,buneary,4,normal,,1,"run-away, klutz",limber,55,0.16,66,0.19,44,0.13,44,0.13,56,0.16,85,0.24,350,speed,110,155,average,199.56,2,balanced,0.23,lower_mid_tier,0.23,lower_mid_tier,1,0,1,0.5,neutral,fragile,neutral-fragile,0.4,5.5,34.37,heavy,0,0.5,normal,70.0,94,190,0,20,"ground, humanshape",medium,upright,brown,Rabbit Pokémon,It slams foes by sharply uncoiling its rolled ears. It stings enough to make a grown-up cry in pain.,buneary --> lopunny,2,1,0,1.0,1.0,1.0,1.0,1.0,1.0,2.0,1.0,1.0,1.0,1.0,1.0,1.0,0.0,1.0,1.0,1.0,1.0
428,lopunny,lopunny,4,normal,,1,"cute-charm, klutz",limber,65,0.14,76,0.16,84,0.18,54,0.11,96,0.2,105,0.22,480,speed,130,245,fast,302.33,3,slightly_specialized,0.42,mid_tier,0.42,mid_tier,1,0,1,0.5,neutral,midrange,neutral-midrange,1.2,33.3,23.12,light,0,0.5,normal,168.0,103,60,140,20,"ground, humanshape",medium,upright,brown,Rabbit Pokémon,An extremely cautious Pokémon. It cloaks its body with its fluffy ear fur when it senses danger.,buneary --> lopunny,2,2,1,1.0,1.0,1.0,1.0,1.0,1.0,2.0,1.0,1.0,1.0,1.0,1.0,1.0,0.0,1.0,1.0,1.0,1.0
428,lopunny,lopunny-mega,4,normal,fighting,2,scrappy,,65,0.11,136,0.23,94,0.16,54,0.09,96,0.17,135,0.23,580,attack,190,255,fast,974.56,5,highly_specialized,0.72,upper_mid_tier,0.72,upper_mid_tier,4,3,1,-1.0,exposed,midrange,exposed-midrange,1.3,28.3,16.75,very_light,0,0.5,normal,203.0,77,60,140,20,"ground, humanshape",medium,upright,brown,Rabbit Pokémon,An extremely cautious Pokémon. It cloaks its body with its fluffy ear fur when it senses danger.,buneary --> lopunny,2,2,1,1.0,1.0,1.0,1.0,1.0,1.0,2.0,1.0,1.0,2.0,2.0,0.5,0.5,0.0,1.0,0.5,1.0,2.0
429,mismagius,mismagius,4,ghost,,1,levitate,,60,0.12,60,0.12,60,0.12,105,0.21,105,0.21,105,0.21,495,sp_attack,165,225,fast,506.25,4,specialized,0.47,mid_tier,0.47,mid_tier,2,2,2,2.0,iron,midrange,iron-midrange,0.9,4.4,5.43,very_light,0,0.5,normal,173.0,103,45,35,25,indeterminate,fast,ball,purple,Magical Pokémon,Its cries sound like incantations. Those hearing it are tormented by headaches and hallucinations.,misdreavus --> mismagius,2,2,1,0.0,1.0,1.0,1.0,1.0,1.0,0.0,0.5,1.0,1.0,1.0,0.5,1.0,2.0,1.0,2.0,1.0,1.0
430,honchkrow,honchkrow,4,dark,flying,2,"insomnia, super-luck",moxie,100,0.2,125,0.25,52,0.1,105,0.21,52,0.1,71,0.14,505,attack,230,204,average,765.81,5,specialized,0.51,mid_tier,0.51,mid_tier,4,3,2,0.5,neutral,glass_cannon,neutral-glass_cannon,0.9,27.3,33.7,heavy,0,0.5,normal,177.0,90,30,35,20,flying,medium-slow,wings,black,Big Boss Pokémon,"Becoming active at night, it is known to swarm with numerous MURKROW in tow.",murkrow --> honchkrow,2,2,1,1.0,1.0,1.0,2.0,0.5,2.0,1.0,1.0,0.0,1.0,0.0,1.0,2.0,0.5,1.0,0.5,1.0,2.0
431,glameow,glameow,4,normal,,1,"limber, own-tempo",keen-eye,49,0.16,55,0.18,42,0.14,42,0.14,37,0.12,85,0.27,310,speed,97,128,average,255.22,2,slightly_specialized,0.13,bottom_tier,0.13,bottom_tier,1,0,1,0.5,neutral,fragile,neutral-fragile,0.5,3.9,15.6,very_light,0,0.75,normal,62.0,77,190,70,20,ground,fast,quadruped,gray,Catty Pokémon,It claws if displeased and purrs when affectionate. Its fickleness is very popular among some.,glameow --> purugly,2,1,0,1.0,1.0,1.0,1.0,1.0,1.0,2.0,1.0,1.0,1.0,1.0,1.0,1.0,0.0,1.0,1.0,1.0,1.0
432,purugly,purugly,4,normal,,1,"thick-fat, own-tempo",defiant,71,0.16,82,0.18,64,0.14,64,0.14,59,0.13,112,0.25,452,speed,146,194,fast,321.89,3,slightly_specialized,0.36,lower_mid_tier,0.36,lower_mid_tier,1,0,1,0.5,neutral,midrange,neutral-midrange,1.0,43.8,43.8,heavy,0,0.75,normal,158.0,77,75,70,20,ground,fast,quadruped,gray,Tiger Cat Pokémon,It is a brazen brute that barges its way into another Pokémon’s nest and claims it as its own.,glameow --> purugly,2,2,1,1.0,1.0,1.0,1.0,1.0,1.0,2.0,1.0,1.0,1.0,1.0,1.0,1.0,0.0,1.0,1.0,1.0,1.0
433,chingling,chingling,4,psychic,,1,levitate,,45,0.16,30,0.11,50,0.18,65,0.23,50,0.18,45,0.16,285,sp_attack,95,145,slow,106.25,2,balanced,0.08,bottom_tier,0.08,bottom_tier,3,2,0,-2.0,frail,weak_slow,frail-weak_slow,0.2,0.6,15.0,very_light,0,0.5,normal,57.0,82,120,70,25,no-eggs,fast,humanoid,yellow,Bell Pokémon,It emits cries by agitating an orb at the back of its throat. It moves with flouncing hops.,chingling --> chimecho,2,1,0,1.0,1.0,1.0,1.0,1.0,1.0,0.5,1.0,1.0,1.0,0.5,2.0,1.0,2.0,1.0,2.0,1.0,1.0
434,stunky,stunky,4,poison,dark,2,"stench, aftermath",keen-eye,63,0.19,63,0.19,47,0.14,41,0.12,41,0.12,74,0.22,329,speed,104,151,average,157.47,2,balanced,0.16,bottom_tier,0.16,bottom_tier,1,4,1,2.5,iron,fragile,iron-fragile,0.4,19.2,120.0,very_heavy,0,0.5,normal,66.0,94,225,70,20,ground,medium,quadruped,purple,Skunk Pokémon,It protects itself by spraying a noxious fluid from its rear. The stench lingers for 24 hours.,stunky --> skuntank,2,1,0,1.0,1.0,1.0,1.0,0.5,1.0,1.0,0.5,2.0,1.0,0.0,1.0,1.0,0.5,1.0,0.5,1.0,1.0
435,skuntank,skuntank,4,poison,dark,2,"stench, aftermath",keen-eye,103,0.22,93,0.19,67,0.14,71,0.15,61,0.13,84,0.18,479,hp,164,231,average,220.81,2,slightly_specialized,0.4,lower_mid_tier,0.4,lower_mid_tier,1,4,1,2.5,iron,balanced,iron-balanced,1.0,38.0,38.0,heavy,0,0.5,normal,168.0,95,60,70,20,ground,medium,quadruped,purple,Skunk Pokémon,It sprays a vile-smelling fluid from the tip of its tail to attack. Its range is over 160 feet.,stunky --> skuntank,2,2,1,1.0,1.0,1.0,1.0,0.5,1.0,1.0,0.5,2.0,1.0,0.0,1.0,1.0,0.5,1.0,0.5,1.0,1.0
436,bronzor,bronzor,4,steel,psychic,2,"levitate, heatproof",heavy-metal,57,0.19,24,0.08,86,0.29,24,0.08,86,0.29,23,0.08,300,defense,48,229,slow,787.0,5,specialized,0.1,bottom_tier,0.1,bottom_tier,4,9,1,2.0,iron,slow_attacker,iron-slow_attacker,0.5,60.5,242.0,very_heavy,1,0.0,normal,60.0,85,255,70,20,mineral,medium,ball,green,Bronze Pokémon,Implements shaped like it were discovered in ancient tombs. It is unknown if they are related.,bronzor --> bronzong,2,1,0,0.5,2.0,1.0,1.0,0.5,0.5,1.0,0.0,2.0,0.5,0.25,1.0,0.5,2.0,0.5,2.0,0.5,0.5
437,bronzong,bronzong,4,steel,psychic,2,"levitate, heatproof",heavy-metal,67,0.13,89,0.18,116,0.23,79,0.16,116,0.23,33,0.07,500,defense,168,299,slow,830.89,5,specialized,0.5,mid_tier,0.5,mid_tier,4,9,1,2.0,iron,tank,iron-tank,1.3,187.0,110.65,very_heavy,1,0.0,normal,175.0,98,90,70,20,mineral,medium,arms,green,Bronze Bell Pokémon,"One caused a news sensation when it was dug up at a construction site after a 2,000-year sleep.",bronzor --> bronzong,2,2,1,0.5,2.0,1.0,1.0,0.5,0.5,1.0,0.0,2.0,0.5,0.25,1.0,0.5,2.0,0.5,2.0,0.5,0.5
438,bonsly,bonsly,4,rock,,1,"sturdy, rock-head",rattled,50,0.17,80,0.28,95,0.33,10,0.03,45,0.16,10,0.03,290,defense,90,190,slow,1022.22,5,highly_specialized,0.09,bottom_tier,0.09,bottom_tier,5,4,0,-3.0,frail,weak_slow,frail-weak_slow,0.5,15.0,60.0,very_heavy,0,0.5,normal,58.0,77,255,70,20,no-eggs,medium,legs,brown,Bonsai Pokémon,It looks as if it is always crying. It is actually adjusting its body’s fluid levels by eliminating excess.,bonsly --> sudowoodo,2,1,0,0.5,0.5,2.0,1.0,2.0,1.0,2.0,0.5,2.0,0.5,1.0,1.0,1.0,1.0,1.0,1.0,2.0,1.0
439,mime-jr,mime-jr,4,psychic,fairy,2,"soundproof, filter",technician,20,0.06,25,0.08,45,0.15,70,0.23,90,0.29,60,0.19,310,sp_defense,95,155,average,605.56,4,specialized,0.13,bottom_tier,0.13,bottom_tier,3,2,1,-0.5,exposed,weak_slow,exposed-weak_slow,0.6,13.0,36.11,heavy,0,0.5,normal,62.0,92,145,70,25,no-eggs,medium,humanoid,pink,Mime Pokémon,"It habitually mimics foes. Once mimicked, the foe cannot take its eyes off this Pokémon.",mime-jr --> mr-mime --> mr-rime,3,1,0,1.0,1.0,1.0,1.0,1.0,1.0,0.25,2.0,1.0,1.0,0.5,1.0,1.0,2.0,0.0,1.0,2.0,1.0
440,happiny,happiny,4,normal,,1,"natural-cure, serene-grace",friend-guard,100,0.45,5,0.02,5,0.02,15,0.07,65,0.3,30,0.14,220,hp,20,170,slow,1222.22,5,highly_specialized,0.01,bottom_tier,0.01,bottom_tier,1,0,1,0.5,neutral,weak_slow,neutral-weak_slow,0.6,24.4,67.78,very_heavy,0,1.0,normal,110.0,80,130,140,40,no-eggs,fast,humanoid,pink,Playhouse Pokémon,It loves round white things. It carries an egg-shaped rock in imitation of CHANSEY.,happiny --> chansey --> blissey,3,1,0,1.0,1.0,1.0,1.0,1.0,1.0,2.0,1.0,1.0,1.0,1.0,1.0,1.0,0.0,1.0,1.0,1.0,1.0
441,chatot,chatot,4,normal,flying,2,"keen-eye, tangled-feet",big-pecks,76,0.18,65,0.16,45,0.11,92,0.22,42,0.1,91,0.22,411,sp_attack,157,163,average,396.92,4,slightly_specialized,0.3,lower_mid_tier,0.3,lower_mid_tier,3,2,2,1.0,solid,midrange,solid-midrange,0.5,1.9,7.6,very_light,0,0.5,normal,144.0,64,30,35,20,flying,medium-slow,wings,black,Music Note Pokémon,"It can learn and speak human words. If they gather, they all learn the same saying.",chatot,1,0,0,1.0,1.0,1.0,2.0,0.5,2.0,1.0,1.0,0.0,1.0,1.0,0.5,2.0,0.0,1.0,1.0,1.0,1.0
442,spiritomb,spiritomb,4,ghost,dark,2,pressure,infiltrator,50,0.1,92,0.19,108,0.22,92,0.19,108,0.22,35,0.07,485,defense,184,266,slow,796.14,5,specialized,0.44,mid_tier,0.44,mid_tier,1,1,3,4.0,iron,slow_attacker,iron-slow_attacker,1.0,108.0,108.0,very_heavy,0,0.5,normal,170.0,86,100,70,30,indeterminate,medium,blob,purple,Forbidden Pokémon,A Pokémon that was formed by 108 spirits. It is bound to a fissure in an odd keystone.,spiritomb,1,0,0,0.0,1.0,1.0,1.0,1.0,1.0,0.0,0.5,1.0,1.0,0.0,1.0,1.0,1.0,1.0,1.0,1.0,2.0
443,gible,gible,4,dragon,ground,2,sand-veil,rough-skin,58,0.19,70,0.23,45,0.15,40,0.13,45,0.15,42,0.14,300,attack,110,148,slow,113.0,2,balanced,0.1,bottom_tier,0.1,bottom_tier,3,3,1,0.0,exposed,weak_slow,exposed-weak_slow,0.7,20.5,41.84,heavy,0,0.5,normal,60.0,77,45,70,40,"monster, dragon",slow,upright,blue,Land Shark Pokémon,"It nests in small, horizontal holes in cave walls. It pounces to catch prey that stray too close.",gible --> gabite --> garchomp,3,1,0,1.0,0.5,1.0,0.0,1.0,4.0,1.0,0.5,1.0,1.0,1.0,1.0,0.5,1.0,2.0,1.0,1.0,2.0
444,gabite,gabite,4,dragon,ground,2,sand-veil,rough-skin,68,0.17,90,0.22,65,0.16,50,0.12,55,0.13,82,0.2,410,attack,140,188,average,196.89,2,balanced,0.29,lower_mid_tier,0.29,lower_mid_tier,3,3,1,0.0,exposed,fragile,exposed-fragile,1.4,56.0,28.57,average,0,0.5,normal,144.0,81,45,70,40,"monster, dragon",slow,upright,blue,Cave Pokémon,There is a long-held belief that medicine made from its scales will heal even incurable illnesses.,gible --> gabite --> garchomp,3,2,0,1.0,0.5,1.0,0.0,1.0,4.0,1.0,0.5,1.0,1.0,1.0,1.0,0.5,1.0,2.0,1.0,1.0,2.0
445,garchomp,garchomp,4,dragon,ground,2,sand-veil,rough-skin,108,0.18,130,0.22,95,0.16,80,0.13,85,0.14,102,0.17,600,attack,210,288,fast,269.67,3,slightly_specialized,0.77,upper_mid_tier,0.77,upper_mid_tier,3,3,1,0.0,exposed,juggernaut,exposed-juggernaut,1.9,95.0,26.32,light,0,0.5,normal,270.0,93,45,70,40,"monster, dragon",slow,upright,blue,Mach Pokémon,"When it folds up its body and extends its wings, it looks like a jet plane. It flies at sonic speed.",gible --> gabite --> garchomp,3,3,1,1.0,0.5,1.0,0.0,1.0,4.0,1.0,0.5,1.0,1.0,1.0,1.0,0.5,1.0,2.0,1.0,1.0,2.0
445,garchomp,garchomp-mega,4,dragon,ground,2,sand-force,,108,0.15,170,0.24,115,0.16,120,0.17,95,0.14,92,0.13,700,attack,290,318,average,668.56,5,specialized,0.87,top_tier,0.87,top_tier,3,3,1,0.0,exposed,bulky_attacker,exposed-bulky_attacker,1.9,95.0,26.32,light,0,0.5,normal,315.0,66,45,70,40,"monster, dragon",slow,upright,blue,Mach Pokémon,"When it folds up its body and extends its wings, it looks like a jet plane. It flies at sonic speed.",gible --> gabite --> garchomp,3,3,1,1.0,0.5,1.0,0.0,1.0,4.0,1.0,0.5,1.0,1.0,1.0,1.0,0.5,1.0,2.0,1.0,1.0,2.0
445,garchomp,garchomp-mega-z,4,dragon,,1,,,108,0.15,130,0.19,85,0.12,141,0.2,85,0.12,151,0.22,700,speed,271,278,fast,671.56,5,specialized,0.87,top_tier,0.87,top_tier,3,4,0,-1.0,exposed,juggernaut,exposed-juggernaut,1.9,99.0,27.42,light,0,0.5,normal,,0,45,70,40,"monster, dragon",slow,upright,blue,Mach Pokémon,"When it folds up its body and extends its wings, it looks like a jet plane. It flies at sonic speed.",gible --> gabite --> garchomp,3,3,1,1.0,0.5,0.5,0.5,0.5,2.0,1.0,1.0,1.0,1.0,1.0,1.0,1.0,1.0,2.0,1.0,1.0,2.0
446,munchlax,munchlax,4,normal,,1,"pickup, thick-fat",gluttony,135,0.35,85,0.22,40,0.1,40,0.1,85,0.22,5,0.01,390,hp,125,260,slow,1758.33,5,extreme,0.25,lower_mid_tier,0.25,lower_mid_tier,1,0,1,0.5,neutral,slow_attacker,neutral-slow_attacker,0.6,105.0,291.67,very_heavy,0,0.125,normal,78.0,105,50,70,40,no-eggs,slow,humanoid,black,Big Eater Pokémon,"It wolfs down its weight in food once a day, swallowing food whole with almost no chewing.",munchlax --> snorlax,2,1,0,1.0,1.0,1.0,1.0,1.0,1.0,2.0,1.0,1.0,1.0,1.0,1.0,1.0,0.0,1.0,1.0,1.0,1.0
447,riolu,riolu,4,fighting,,1,"steadfast, inner-focus",prankster,40,0.14,70,0.25,40,0.14,35,0.12,40,0.14,60,0.21,285,attack,105,120,average,164.58,2,balanced,0.08,bottom_tier,0.08,bottom_tier,3,3,0,-1.5,exposed,weak_slow,exposed-weak_slow,0.7,20.2,41.22,heavy,0,0.125,normal,57.0,97,75,70,25,no-eggs,medium-slow,upright,blue,Emanation Pokémon,The aura that emanates from its body intensifies to alert others if it is afraid or sad.,riolu --> lucario,2,1,0,1.0,1.0,1.0,1.0,1.0,1.0,1.0,1.0,1.0,2.0,2.0,0.5,0.5,1.0,1.0,0.5,1.0,2.0
448,lucario,lucario,4,fighting,steel,2,"steadfast, inner-focus",justified,70,0.13,110,0.21,70,0.13,115,0.22,70,0.13,90,0.17,525,sp_attack,225,210,average,364.58,3,slightly_specialized,0.61,upper_mid_tier,0.61,upper_mid_tier,3,8,1,2.5,iron,glass_cannon,iron-glass_cannon,1.2,54.0,37.5,heavy,0,0.125,normal,184.0,115,45,70,25,"ground, humanshape",medium-slow,upright,blue,Aura Pokémon,It has the ability to sense the auras of all things. It understands human speech.,riolu --> lucario,2,2,1,0.5,2.0,1.0,1.0,0.5,0.5,2.0,0.0,2.0,1.0,1.0,0.25,0.25,1.0,0.5,0.5,0.5,1.0
448,lucario,lucario-mega,4,fighting,steel,2,adaptability,,70,0.11,145,0.23,88,0.14,140,0.22,70,0.11,112,0.18,625,attack,285,228,fast,934.81,5,highly_specialized,0.8,upper_mid_tier,0.8,upper_mid_tier,3,8,1,2.5,iron,sweeper,iron-sweeper,1.3,57.5,34.02,heavy,0,0.125,normal,219.0,76,45,70,25,"ground, humanshape",medium-slow,upright,blue,Aura Pokémon,It has the ability to sense the auras of all things. It understands human speech.,riolu --> lucario,2,2,1,0.5,2.0,1.0,1.0,0.5,0.5,2.0,0.0,2.0,1.0,1.0,0.25,0.25,1.0,0.5,0.5,0.5,1.0
448,lucario,lucario-mega-z,4,fighting,steel,2,,,70,0.11,100,0.16,70,0.11,164,0.26,70,0.11,151,0.24,625,sp_attack,264,210,fast,1548.81,5,extreme,0.8,upper_mid_tier,0.8,upper_mid_tier,3,8,1,2.5,iron,sweeper,iron-sweeper,1.3,49.4,29.23,average,0,0.125,normal,,0,45,70,25,"ground, humanshape",medium-slow,upright,blue,Aura Pokémon,It has the ability to sense the auras of all things. It understands human speech.,riolu --> lucario,2,2,1,0.5,2.0,1.0,1.0,0.5,0.5,2.0,0.0,2.0,1.0,1.0,0.25,0.25,1.0,0.5,0.5,0.5,1.0
449,hippopotas,hippopotas,4,ground,,1,sand-stream,sand-force,68,0.21,72,0.22,78,0.24,38,0.12,42,0.13,32,0.1,330,defense,110,188,slow,329.0,3,slightly_specialized,0.18,bottom_tier,0.18,bottom_tier,3,2,1,-0.5,exposed,weak_slow,exposed-weak_slow,0.8,49.5,77.34,very_heavy,0,0.5,normal,66.0,68,140,70,30,ground,slow,quadruped,brown,Hippo Pokémon,"It lives in arid places. Instead of perspiration, it expels grainy sand from its body.",hippopotas --> hippowdon,2,1,0,1.0,1.0,2.0,0.0,2.0,2.0,1.0,0.5,1.0,1.0,1.0,1.0,0.5,1.0,1.0,1.0,1.0,1.0
450,hippowdon,hippowdon,4,ground,,1,sand-stream,sand-force,108,0.21,112,0.21,118,0.22,68,0.13,72,0.14,47,0.09,525,defense,180,298,slow,701.92,5,specialized,0.61,upper_mid_tier,0.61,upper_mid_tier,3,2,1,-0.5,exposed,tank,exposed-tank,2.0,300.0,75.0,very_heavy,0,0.5,normal,184.0,70,60,70,30,ground,slow,quadruped,brown,Heavyweight Pokémon,It blasts internally stored sand from ports on its body to create a towering twister for attack.,hippopotas --> hippowdon,2,2,1,1.0,1.0,2.0,0.0,2.0,2.0,1.0,0.5,1.0,1.0,1.0,1.0,0.5,1.0,1.0,1.0,1.0,1.0
451,skorupi,skorupi,4,poison,bug,2,"battle-armor, sniper",keen-eye,40,0.12,50,0.15,90,0.27,30,0.09,55,0.17,65,0.2,330,defense,80,185,average,366.67,3,slightly_specialized,0.18,bottom_tier,0.18,bottom_tier,4,5,0,-1.5,exposed,fragile,exposed-fragile,0.8,12.0,18.75,light,0,0.5,normal,66.0,77,120,70,20,"bug, water3",slow,armor,purple,Scorpion Pokémon,It grips prey with its tail claws and injects poison. It tenaciously hangs on until the poison takes.,skorupi --> drapion,2,1,0,1.0,2.0,1.0,1.0,0.25,1.0,0.25,0.5,1.0,2.0,2.0,0.5,2.0,1.0,1.0,1.0,1.0,0.5
452,drapion,drapion,4,poison,dark,2,"battle-armor, sniper",keen-eye,70,0.14,90,0.18,110,0.22,60,0.12,75,0.15,95,0.19,500,defense,150,255,average,280.56,3,slightly_specialized,0.5,mid_tier,0.5,mid_tier,1,4,1,2.5,iron,midrange,iron-midrange,1.3,61.5,36.39,heavy,0,0.5,normal,175.0,90,45,70,20,"bug, water3",slow,armor,purple,Ogre Scorpion Pokémon,It has the power in its clawed arms to make scrap of a car. The tips of its claws release poison.,skorupi --> drapion,2,2,1,1.0,1.0,1.0,1.0,0.5,1.0,1.0,0.5,2.0,1.0,0.0,1.0,1.0,0.5,1.0,0.5,1.0,1.0
453,croagunk,croagunk,4,poison,fighting,2,"anticipation, dry-skin",poison-touch,48,0.16,61,0.2,40,0.13,61,0.2,40,0.13,50,0.17,300,attack,122,128,slow,74.33,1,balanced,0.1,bottom_tier,0.1,bottom_tier,3,6,0,0.0,exposed,weak_slow,exposed-weak_slow,0.7,23.0,46.94,heavy,0,0.5,normal,60.0,112,140,100,10,humanshape,medium,humanoid,blue,Toxic Mouth Pokémon,Its cheeks hold poison sacs. It tries to catch foes off guard to jab them with toxic fingers.,croagunk --> toxicroak,2,1,0,1.0,1.0,1.0,1.0,0.5,1.0,0.5,0.5,2.0,2.0,4.0,0.25,0.5,1.0,1.0,0.5,1.0,1.0
454,toxicroak,toxicroak,4,poison,fighting,2,"anticipation, dry-skin",poison-touch,83,0.17,106,0.22,65,0.13,86,0.18,65,0.13,85,0.17,490,attack,192,213,average,196.56,2,balanced,0.45,mid_tier,0.45,mid_tier,3,6,0,0.0,exposed,balanced,exposed-balanced,1.3,44.4,26.27,light,0,0.5,normal,172.0,108,75,70,20,humanshape,medium,humanoid,blue,Toxic Mouth Pokémon,Its knuckle claws secrete a toxin so vile that even a scratch could prove fatal.,croagunk --> toxicroak,2,2,1,1.0,1.0,1.0,1.0,0.5,1.0,0.5,0.5,2.0,2.0,4.0,0.25,0.5,1.0,1.0,0.5,1.0,1.0
455,carnivine,carnivine,4,grass,,1,levitate,,74,0.16,100,0.22,72,0.16,90,0.2,72,0.16,46,0.1,454,attack,190,218,slow,284.56,3,slightly_specialized,0.37,lower_mid_tier,0.37,lower_mid_tier,5,4,0,-3.0,frail,slow_attacker,frail-slow_attacker,1.4,27.0,13.78,very_light,0,0.5,normal,159.0,70,200,70,25,plant,slow,tentacles,green,Bug Catcher Pokémon,"It attracts prey with its sweet- smelling saliva, then chomps down. It takes a whole day to eat prey.",carnivine,1,0,0,1.0,2.0,0.5,0.5,0.5,2.0,1.0,2.0,0.5,2.0,1.0,2.0,1.0,1.0,1.0,1.0,1.0,1.0
456,finneon,finneon,4,water,,1,"swift-swim, storm-drain",water-veil,49,0.15,49,0.15,56,0.17,49,0.15,61,0.18,66,0.2,330,speed,98,166,average,44.33,1,balanced,0.18,bottom_tier,0.18,bottom_tier,2,4,0,0.0,exposed,fragile,exposed-fragile,0.4,7.0,43.75,heavy,0,0.5,normal,66.0,74,190,70,20,water2,slow-then-very-fast,fish,blue,Wing Fish Pokémon,"After long exposure to sunlight, the patterns on its tail fins shine vividly when darkness arrives.",finneon --> lumineon,2,1,0,1.0,0.5,0.5,2.0,2.0,0.5,1.0,1.0,1.0,1.0,1.0,1.0,1.0,1.0,1.0,1.0,0.5,1.0
457,lumineon,lumineon,4,water,,1,"swift-swim, storm-drain",water-veil,69,0.15,69,0.15,76,0.17,69,0.15,86,0.19,91,0.2,460,speed,138,231,average,78.22,2,balanced,0.38,lower_mid_tier,0.38,lower_mid_tier,2,4,0,0.0,exposed,midrange,exposed-midrange,1.2,24.0,16.67,very_light,0,0.5,normal,161.0,72,75,70,20,water2,slow-then-very-fast,fish,blue,Neon Pokémon,It lives on the deep-sea floor. It attracts prey by flashing the patterns on its four tail fins.,finneon --> lumineon,2,2,1,1.0,0.5,0.5,2.0,2.0,0.5,1.0,1.0,1.0,1.0,1.0,1.0,1.0,1.0,1.0,1.0,0.5,1.0
458,mantyke,mantyke,4,water,flying,2,"swift-swim, water-absorb",water-veil,45,0.13,20,0.06,50,0.14,60,0.17,120,0.35,50,0.14,345,sp_defense,80,215,slow,931.25,5,highly_specialized,0.21,lower_mid_tier,0.21,lower_mid_tier,2,5,1,2.0,iron,slow_attacker,iron-slow_attacker,1.0,65.0,65.0,very_heavy,0,0.5,normal,69.0,66,25,70,25,no-eggs,slow,wings,blue,Kite Pokémon,A friendly Pokémon that captures the subtle flows of seawater using its two antennae.,mantyke --> mantine,2,1,0,1.0,0.5,0.5,4.0,1.0,1.0,0.5,1.0,0.0,1.0,1.0,0.5,2.0,1.0,1.0,1.0,0.5,1.0
459,snover,snover,4,grass,ice,2,snow-warning,soundproof,60,0.18,62,0.19,50,0.15,62,0.19,60,0.18,40,0.12,334,attack,124,170,slow,65.89,1,balanced,0.19,bottom_tier,0.19,bottom_tier,7,4,0,-5.0,frail,weak_slow,frail-weak_slow,1.0,50.5,50.5,very_heavy,0,0.5,normal,67.0,76,120,70,20,"monster, plant",slow,upright,white,Frost Tree Pokémon,"It lives on snowy mountains. Having had little contact with humans, it is boldly inquisitive.",snover --> abomasnow,2,1,0,1.0,4.0,0.5,0.5,0.5,1.0,2.0,2.0,0.5,2.0,1.0,2.0,2.0,1.0,1.0,1.0,2.0,1.0
460,abomasnow,abomasnow,4,grass,ice,2,snow-warning,soundproof,90,0.18,92,0.19,75,0.15,92,0.19,85,0.17,60,0.12,494,attack,184,250,average,134.22,2,balanced,0.45,mid_tier,0.45,mid_tier,7,4,0,-5.0,frail,slow_attacker,frail-slow_attacker,2.2,135.5,28.0,light,0,0.5,normal,173.0,95,60,70,20,"monster, plant",slow,upright,white,Frost Tree Pokémon,It whips up blizzards in mountains that are always buried in snow. It is the abominable snowman.,snover --> abomasnow,2,2,1,1.0,4.0,0.5,0.5,0.5,1.0,2.0,2.0,0.5,2.0,1.0,2.0,2.0,1.0,1.0,1.0,2.0,1.0
460,abomasnow,abomasnow-mega,4,grass,ice,2,snow-warning,,90,0.15,132,0.22,105,0.18,132,0.22,105,0.18,30,0.05,594,attack,264,300,slow,1182.0,5,highly_specialized,0.75,upper_mid_tier,0.75,upper_mid_tier,7,4,0,-5.0,frail,bulky_attacker,frail-bulky_attacker,2.7,185.0,25.38,light,0,0.5,normal,208.0,62,60,70,20,"monster, plant",slow,upright,white,Frost Tree Pokémon,It whips up blizzards in mountains that are always buried in snow. It is the abominable snowman.,snover --> abomasnow,2,2,1,1.0,4.0,0.5,0.5,0.5,1.0,2.0,2.0,0.5,2.0,1.0,2.0,2.0,1.0,1.0,1.0,2.0,1.0
461,weavile,weavile,4,dark,ice,2,pressure,pickpocket,70,0.14,120,0.24,65,0.13,45,0.09,85,0.17,125,0.25,510,speed,165,220,fast,841.67,5,specialized,0.52,mid_tier,0.52,mid_tier,6,3,1,-3.0,frail,midrange,frail-midrange,1.1,34.0,28.1,average,0,0.5,normal,179.0,108,45,35,20,ground,medium-slow,upright,black,Sharp Claw Pokémon,"They live in cold regions, forming groups of four or five that hunt prey with impressive coordination.",sneasel --> weavile,2,2,1,1.0,2.0,1.0,1.0,1.0,0.5,4.0,1.0,1.0,1.0,0.0,2.0,2.0,0.5,1.0,0.5,2.0,2.0
462,magnezone,magnezone,4,electric,steel,2,"magnet-pull, sturdy",analytic,70,0.13,70,0.13,115,0.21,130,0.24,90,0.17,60,0.11,535,sp_attack,200,275,average,653.47,4,specialized,0.67,upper_mid_tier,0.67,upper_mid_tier,3,11,1,4.0,iron,bulky_attacker,iron-bulky_attacker,1.2,180.0,125.0,very_heavy,1,0.0,normal,241.0,81,30,70,20,mineral,medium,arms,gray,Magnet Area Pokémon,It evolved from exposure to a special magnetic field. Three units generate magnetism.,magnemite --> magneton --> magnezone,3,3,1,0.5,2.0,1.0,0.5,0.5,0.5,2.0,0.0,4.0,0.25,0.5,0.5,0.5,1.0,0.5,1.0,0.25,0.5
463,lickilicky,lickilicky,4,normal,,1,"own-tempo, oblivious",cloud-nine,110,0.21,85,0.17,95,0.18,80,0.16,95,0.18,50,0.1,515,hp,165,300,slow,345.14,3,slightly_specialized,0.53,mid_tier,0.53,mid_tier,1,0,1,0.5,neutral,tank,neutral-tank,1.7,140.0,48.44,very_heavy,0,0.5,normal,180.0,102,30,70,20,monster,medium,humanoid,pink,Licking Pokémon,It wraps things with its extensible tongue. Getting too close to it will leave you soaked with drool.,lickitung --> lickilicky,2,2,1,1.0,1.0,1.0,1.0,1.0,1.0,2.0,1.0,1.0,1.0,1.0,1.0,1.0,0.0,1.0,1.0,1.0,1.0
464,rhyperior,rhyperior,4,ground,rock,2,"lightning-rod, solid-rock",reckless,115,0.21,140,0.26,130,0.24,55,0.1,55,0.1,40,0.07,535,attack,195,300,slow,1611.81,5,extreme,0.67,upper_mid_tier,0.67,upper_mid_tier,6,5,1,-2.0,frail,tank,frail-tank,2.4,282.8,49.1,very_heavy,0,0.5,normal,241.0,128,30,70,20,"monster, ground",slow,upright,gray,Drill Pokémon,It puts rocks in holes in its palms and uses its muscles to shoot them. GEODUDE are shot at rare times.,rhyhorn --> rhydon --> rhyperior,3,3,1,0.5,0.5,4.0,0.0,4.0,2.0,2.0,0.25,2.0,0.5,1.0,1.0,0.5,1.0,1.0,1.0,2.0,1.0
465,tangrowth,tangrowth,4,grass,,1,"chlorophyll, leaf-guard",regenerator,100,0.19,100,0.19,125,0.23,110,0.21,50,0.09,50,0.09,535,defense,210,275,slow,836.81,5,specialized,0.67,upper_mid_tier,0.67,upper_mid_tier,5,4,0,-3.0,frail,bulky_attacker,frail-bulky_attacker,2.0,128.6,32.15,average,0,0.5,normal,187.0,84,30,70,20,plant,medium,humanoid,blue,Vine Pokémon,It ensnares prey by extending arms made of vines. Losing arms to predators does not trouble it.,tangela --> tangrowth,2,2,1,1.0,2.0,0.5,0.5,0.5,2.0,1.0,2.0,0.5,2.0,1.0,2.0,1.0,1.0,1.0,1.0,1.0,1.0
466,electivire,electivire,4,electric,,1,motor-drive,vital-spirit,75,0.14,123,0.23,67,0.12,95,0.18,85,0.16,95,0.18,540,attack,218,227,average,319.67,3,slightly_specialized,0.69,upper_mid_tier,0.69,upper_mid_tier,1,3,0,0.5,neutral,sweeper,neutral-sweeper,1.8,138.6,42.78,heavy,0,0.25,normal,243.0,98,30,70,25,humanshape,medium,upright,yellow,Thunderbolt Pokémon,"As its electric charge amplifies, blue sparks begin to crackle between its horns.",elekid --> electabuzz --> electivire,3,3,1,1.0,1.0,1.0,0.5,1.0,1.0,1.0,1.0,2.0,0.5,1.0,1.0,1.0,1.0,1.0,1.0,0.5,1.0
467,magmortar,magmortar,4,fire,,1,flame-body,vital-spirit,75,0.14,95,0.18,67,0.12,125,0.23,95,0.18,83,0.15,540,sp_attack,220,237,average,346.33,3,slightly_specialized,0.69,upper_mid_tier,0.69,upper_mid_tier,3,6,0,0.0,exposed,attacker,exposed-attacker,1.6,68.0,26.56,light,0,0.25,normal,243.0,102,30,70,25,humanshape,medium,upright,red,Blast Pokémon,"It blasts fireballs of over 3,600 degrees F from the ends of its arms. It lives in volcanic craters.",magby --> magmar --> magmortar,3,3,1,1.0,0.5,2.0,1.0,0.5,0.5,1.0,1.0,2.0,1.0,1.0,0.5,2.0,1.0,1.0,1.0,0.5,0.5
468,togekiss,togekiss,4,fairy,flying,2,"hustle, serene-grace",super-luck,85,0.16,50,0.09,95,0.17,120,0.22,115,0.21,80,0.15,545,sp_attack,170,295,average,545.14,4,specialized,0.69,upper_mid_tier,0.69,upper_mid_tier,5,4,2,0.0,exposed,bulky,exposed-bulky,1.5,38.0,16.89,very_light,0,0.125,normal,245.0,118,30,70,10,"flying, fairy",fast,wings,white,Jubilee Pokémon,It will never appear where there is strife. Its sightings have become rare recently.,togepi --> togetic --> togekiss,3,3,1,1.0,1.0,1.0,2.0,0.5,2.0,0.25,2.0,0.0,1.0,1.0,0.25,2.0,1.0,0.0,0.5,2.0,1.0
469,yanmega,yanmega,4,bug,flying,2,"speed-boost, tinted-lens",frisk,86,0.17,76,0.15,86,0.17,116,0.23,56,0.11,95,0.18,515,sp_attack,192,228,average,330.14,3,slightly_specialized,0.53,mid_tier,0.53,mid_tier,5,3,1,-2.0,frail,midrange,frail-midrange,1.9,51.5,14.27,very_light,0,0.5,normal,180.0,79,30,70,20,bug,medium,bug-wings,green,Ogre Darner Pokémon,"By churning its wings, it creates shock waves that inflict critical internal injuries to foes.",yanma --> yanmega,2,2,1,1.0,2.0,1.0,2.0,0.25,2.0,0.25,1.0,0.0,2.0,1.0,0.5,4.0,1.0,1.0,1.0,1.0,1.0
470,leafeon,leafeon,4,grass,,1,leaf-guard,chlorophyll,65,0.12,110,0.21,130,0.25,60,0.11,65,0.12,95,0.18,525,defense,170,260,average,689.58,5,specialized,0.61,upper_mid_tier,0.61,upper_mid_tier,5,4,0,-3.0,frail,midrange,frail-midrange,1.0,25.5,25.5,light,0,0.125,normal,184.0,90,45,35,35,ground,medium,quadruped,green,Verdant Pokémon,"Just like a plant, it uses photosynthesis. As a result, it is always enveloped in clear air.",eevee --> vaporeon,2,2,1,1.0,2.0,0.5,0.5,0.5,2.0,1.0,2.0,0.5,2.0,1.0,2.0,1.0,1.0,1.0,1.0,1.0,1.0
471,glaceon,glaceon,4,ice,,1,snow-cloak,ice-body,65,0.12,60,0.11,110,0.21,130,0.25,95,0.18,65,0.12,525,sp_attack,190,270,average,689.58,5,specialized,0.61,upper_mid_tier,0.61,upper_mid_tier,4,1,0,-3.5,frail,balanced,frail-balanced,0.8,25.9,40.47,heavy,0,0.125,normal,184.0,87,45,35,35,ground,medium,quadruped,blue,Fresh Snow Pokémon,"As a protective technique, it can completely freeze its fur to make its hairs stand like needles.",eevee --> vaporeon,2,2,1,1.0,2.0,1.0,1.0,1.0,0.5,2.0,1.0,1.0,1.0,1.0,1.0,2.0,1.0,1.0,1.0,2.0,1.0
472,gliscor,gliscor,4,ground,flying,2,"hyper-cutter, sand-veil",poison-heal,75,0.15,95,0.19,125,0.25,45,0.09,75,0.15,95,0.19,510,defense,140,275,average,600.0,4,specialized,0.52,mid_tier,0.52,mid_tier,2,3,2,2.5,iron,bulky_speedster,iron-bulky_speedster,2.0,42.5,10.62,very_light,0,0.5,normal,179.0,110,30,70,20,bug,medium-slow,wings,purple,Fang Scorpion Pokémon,"It observes prey while hanging inverted from branches. When the chance presents itself, it swoops!",gligar --> gliscor,2,2,1,1.0,1.0,2.0,0.0,1.0,4.0,0.5,0.5,0.0,1.0,1.0,0.5,1.0,1.0,1.0,1.0,1.0,1.0
473,mamoswine,mamoswine,4,ice,ground,2,"oblivious, snow-cloak",thick-fat,110,0.21,130,0.25,80,0.15,70,0.13,60,0.11,80,0.15,530,attack,200,250,average,580.56,4,specialized,0.64,upper_mid_tier,0.64,upper_mid_tier,5,1,1,-3.0,frail,attacker,frail-attacker,2.5,291.0,46.56,heavy,0,0.5,normal,239.0,91,50,70,20,ground,slow,quadruped,brown,Twin Tusk Pokémon,Its impressive tusks are made of ice. The population thinned when it turned warm after the ice age.,swinub --> piloswine --> mamoswine,3,3,1,1.0,2.0,2.0,0.0,2.0,1.0,2.0,0.5,1.0,1.0,1.0,1.0,1.0,1.0,1.0,1.0,2.0,1.0
474,porygon-z,porygon-z,4,normal,,1,"adaptability, download",analytic,85,0.16,80,0.15,70,0.13,135,0.25,75,0.14,90,0.17,535,sp_attack,215,230,average,461.81,4,slightly_specialized,0.67,upper_mid_tier,0.67,upper_mid_tier,1,0,1,0.5,neutral,attacker,neutral-attacker,0.9,34.0,41.98,heavy,1,0.0,normal,241.0,80,30,70,20,mineral,medium,arms,red,Virtual Pokémon,"Additional software was installed to make it a better Pokémon. It began acting oddly, however.",porygon --> porygon2 --> porygon-z,3,3,1,1.0,1.0,1.0,1.0,1.0,1.0,2.0,1.0,1.0,1.0,1.0,1.0,1.0,0.0,1.0,1.0,1.0,1.0
475,gallade,gallade,4,psychic,fighting,2,"steadfast, sharpness",justified,68,0.13,125,0.24,65,0.13,65,0.13,115,0.22,80,0.15,518,attack,190,248,average,600.56,4,specialized,0.55,mid_tier,0.55,mid_tier,3,2,0,-2.0,frail,balanced,frail-balanced,1.6,52.0,20.31,light,0,0.0,normal,233.0,145,45,35,20,"humanshape, indeterminate",slow,humanoid,white,Blade Pokémon,"A master of courtesy and swordsmanship, it fights using extending swords on its elbows.",ralts --> kirlia --> gardevoir,3,3,1,1.0,1.0,1.0,1.0,1.0,1.0,0.5,1.0,1.0,2.0,1.0,1.0,0.5,2.0,1.0,1.0,1.0,2.0
475,gallade,gallade-mega,4,psychic,fighting,2,inner-focus,,68,0.11,165,0.27,95,0.15,65,0.11,115,0.19,110,0.18,618,attack,230,278,fast,1128.33,5,highly_specialized,0.79,upper_mid_tier,0.79,upper_mid_tier,3,2,0,-2.0,frail,juggernaut,frail-juggernaut,1.6,56.4,22.03,light,0,0.0,normal,278.0,101,45,35,20,"humanshape, indeterminate",slow,humanoid,white,Blade Pokémon,"A master of courtesy and swordsmanship, it fights using extending swords on its elbows.",ralts --> kirlia --> gardevoir,3,3,1,1.0,1.0,1.0,1.0,1.0,1.0,0.5,1.0,1.0,2.0,1.0,1.0,0.5,2.0,1.0,1.0,1.0,2.0
476,probopass,probopass,4,rock,steel,2,"sturdy, magnet-pull",sand-force,60,0.11,55,0.1,145,0.28,75,0.14,150,0.29,40,0.08,525,sp_defense,130,355,slow,1906.25,5,extreme,0.61,upper_mid_tier,0.61,upper_mid_tier,3,8,1,2.5,iron,tank,iron-tank,1.4,340.0,173.47,very_heavy,0,0.5,normal,184.0,90,60,70,20,mineral,medium,heads,gray,Compass Pokémon,It freely controls three small units called Mini-Noses using magnetic force.,nosepass --> probopass,2,2,1,0.25,1.0,2.0,1.0,1.0,0.5,4.0,0.0,4.0,0.25,0.5,0.5,0.5,1.0,0.5,1.0,1.0,0.5
477,dusknoir,dusknoir,4,ghost,,1,pressure,frisk,45,0.09,100,0.19,135,0.26,65,0.12,135,0.26,45,0.09,525,defense,165,315,slow,1464.58,5,extreme,0.61,upper_mid_tier,0.61,upper_mid_tier,2,2,2,2.0,iron,tank,iron-tank,2.2,106.6,22.02,light,0,0.5,normal,236.0,103,45,35,25,indeterminate,fast,arms,black,Gripper Pokémon,The antenna on its head captures radio waves from the world of spirits that command it to take people there.,duskull --> dusclops --> dusknoir,3,3,1,0.0,1.0,1.0,1.0,1.0,1.0,0.0,0.5,1.0,1.0,1.0,0.5,1.0,2.0,1.0,2.0,1.0,1.0
478,froslass,froslass,4,ice,ghost,2,snow-cloak,cursed-body,70,0.15,80,0.17,70,0.15,80,0.17,70,0.15,110,0.23,480,speed,160,210,fast,200.0,2,slightly_specialized,0.42,mid_tier,0.42,mid_tier,5,3,2,-0.5,exposed,midrange,exposed-midrange,1.3,26.6,15.74,very_light,0,1.0,normal,168.0,95,75,70,20,"fairy, mineral",medium,arms,white,Snow Land Pokémon,It freezes foes with an icy breath nearly -60 degrees F. What seems to be its body is actually hollow.,snorunt --> glalie,2,2,1,0.0,2.0,1.0,1.0,1.0,0.5,0.0,0.5,1.0,1.0,1.0,0.5,2.0,2.0,1.0,2.0,2.0,1.0
478,froslass,froslass-mega,4,ice,ghost,2,,,70,0.12,80,0.14,70,0.12,140,0.24,100,0.17,120,0.21,580,sp_attack,220,240,fast,688.89,5,specialized,0.72,upper_mid_tier,0.72,upper_mid_tier,5,3,2,-0.5,exposed,sweeper,exposed-sweeper,2.6,29.6,4.38,very_light,0,1.0,normal,,0,75,70,20,"fairy, mineral",medium,arms,white,Snow Land Pokémon,It freezes foes with an icy breath nearly -60 degrees F. What seems to be its body is actually hollow.,snorunt --> glalie,2,2,1,0.0,2.0,1.0,1.0,1.0,0.5,0.0,0.5,1.0,1.0,1.0,0.5,2.0,2.0,1.0,2.0,2.0,1.0
479,rotom,rotom,4,electric,ghost,2,levitate,,50,0.11,50,0.11,77,0.18,95,0.22,77,0.18,91,0.21,440,sp_attack,145,204,average,316.22,3,slightly_specialized,0.34,lower_mid_tier,0.34,lower_mid_tier,3,5,2,2.5,iron,fragile,iron-fragile,0.3,0.3,3.33,very_light,1,0.0,normal,154.0,66,45,70,20,indeterminate,medium,ball,red,Plasma Pokémon,Its body is composed of plasma. It is known to infiltrate electronic devices and wreak havoc.,rotom,1,0,0,0.0,1.0,1.0,0.5,1.0,1.0,0.0,0.5,2.0,0.5,1.0,0.5,1.0,2.0,1.0,2.0,0.5,1.0
479,rotom,rotom-heat,4,electric,fire,2,levitate,,50,0.1,65,0.12,107,0.21,105,0.2,107,0.21,86,0.17,520,defense,170,264,average,496.22,4,slightly_specialized,0.56,mid_tier,0.56,mid_tier,3,8,0,1.0,solid,balanced,solid-balanced,0.3,0.3,3.33,very_light,1,0.0,normal,182.0,67,45,70,20,indeterminate,medium,ball,red,Plasma Pokémon,Its body is composed of plasma. It is known to infiltrate electronic devices and wreak havoc.,rotom,1,0,0,1.0,0.5,2.0,0.5,0.5,0.5,1.0,1.0,4.0,0.5,1.0,0.5,2.0,1.0,1.0,1.0,0.25,0.5
479,rotom,rotom-wash,4,electric,water,2,levitate,,50,0.1,65,0.12,107,0.21,105,0.2,107,0.21,86,0.17,520,defense,170,264,average,496.22,4,slightly_specialized,0.56,mid_tier,0.56,mid_tier,2,5,0,0.5,neutral,balanced,neutral-balanced,0.3,0.3,3.33,very_light,1,0.0,normal,182.0,67,45,70,20,indeterminate,medium,ball,red,Plasma Pokémon,Its body is composed of plasma. It is known to infiltrate electronic devices and wreak havoc.,rotom,1,0,0,1.0,0.5,0.5,1.0,2.0,0.5,1.0,1.0,2.0,0.5,1.0,1.0,1.0,1.0,1.0,1.0,0.25,1.0
479,rotom,rotom-frost,4,electric,ice,2,levitate,,50,0.1,65,0.12,107,0.21,105,0.2,107,0.21,86,0.17,520,defense,170,264,average,496.22,4,slightly_specialized,0.56,mid_tier,0.56,mid_tier,4,3,0,-2.5,frail,balanced,frail-balanced,0.3,0.3,3.33,very_light,1,0.0,normal,182.0,67,45,70,20,indeterminate,medium,ball,red,Plasma Pokémon,Its body is composed of plasma. It is known to infiltrate electronic devices and wreak havoc.,rotom,1,0,0,1.0,2.0,1.0,0.5,1.0,0.5,2.0,1.0,2.0,0.5,1.0,1.0,2.0,1.0,1.0,1.0,1.0,1.0
479,rotom,rotom-fan,4,electric,flying,2,levitate,,50,0.1,65,0.12,107,0.21,105,0.2,107,0.21,86,0.17,520,defense,170,264,average,496.22,4,slightly_specialized,0.56,mid_tier,0.56,mid_tier,2,5,1,2.0,iron,balanced,iron-balanced,0.3,0.3,3.33,very_light,1,0.0,normal,182.0,67,45,70,20,indeterminate,medium,ball,red,Plasma Pokémon,Its body is composed of plasma. It is known to infiltrate electronic devices and wreak havoc.,rotom,1,0,0,1.0,1.0,1.0,1.0,0.5,2.0,0.5,1.0,0.0,0.5,1.0,0.5,2.0,1.0,1.0,1.0,0.5,1.0
479,rotom,rotom-mow,4,electric,grass,2,levitate,,50,0.1,65,0.12,107,0.21,105,0.2,107,0.21,86,0.17,520,defense,170,264,average,496.22,4,slightly_specialized,0.56,mid_tier,0.56,mid_tier,4,4,0,-2.0,frail,balanced,frail-balanced,0.3,0.3,3.33,very_light,1,0.0,normal,182.0,67,45,70,20,indeterminate,medium,ball,red,Plasma Pokémon,Its body is composed of plasma. It is known to infiltrate electronic devices and wreak havoc.,rotom,1,0,0,1.0,2.0,0.5,0.25,0.5,2.0,1.0,2.0,1.0,1.0,1.0,2.0,1.0,1.0,1.0,1.0,0.5,1.0
480,uxie,uxie,4,psychic,,1,levitate,,75,0.13,75,0.13,130,0.22,75,0.13,130,0.22,95,0.16,580,defense,150,335,average,605.56,4,specialized,0.72,upper_mid_tier,0.72,upper_mid_tier,3,2,0,-2.0,frail,bulky_speedster,frail-bulky_speedster,0.3,0.3,3.33,very_light,1,0.0,legendary,261.0,99,3,140,80,no-eggs,slow,upright,yellow,Knowledge Pokémon,Known as “The Being of Knowledge.” It is said that it can wipe out the memory of those who see its eyes.,uxie,1,0,0,1.0,1.0,1.0,1.0,1.0,1.0,0.5,1.0,1.0,1.0,0.5,2.0,1.0,2.0,1.0,2.0,1.0,1.0
481,mesprit,mesprit,4,psychic,,1,levitate,,80,0.14,105,0.18,105,0.18,105,0.18,105,0.18,80,0.14,580,attack,210,290,average,138.89,2,balanced,0.72,upper_mid_tier,0.72,upper_mid_tier,3,2,0,-2.0,frail,bulky_attacker,frail-bulky_attacker,0.3,0.3,3.33,very_light,1,0.0,legendary,261.0,99,3,140,80,no-eggs,slow,upright,pink,Emotion Pokémon,"Known as “The Being of Emotion.” It taught humans the nobility of sorrow, pain, and joy.",mesprit,1,0,0,1.0,1.0,1.0,1.0,1.0,1.0,0.5,1.0,1.0,1.0,0.5,2.0,1.0,2.0,1.0,2.0,1.0,1.0
482,azelf,azelf,4,psychic,,1,levitate,,75,0.13,125,0.22,70,0.12,125,0.22,70,0.12,115,0.2,580,attack,250,215,fast,638.89,4,specialized,0.72,upper_mid_tier,0.72,upper_mid_tier,3,2,0,-2.0,frail,sweeper,frail-sweeper,0.3,0.3,3.33,very_light,1,0.0,legendary,261.0,101,3,140,80,no-eggs,slow,upright,blue,Willpower Pokémon,Known as “The Being of Willpower.” It sleeps at the bottom of a lake to keep the world in balance.,azelf,1,0,0,1.0,1.0,1.0,1.0,1.0,1.0,0.5,1.0,1.0,1.0,0.5,2.0,1.0,2.0,1.0,2.0,1.0,1.0
483,dialga,dialga,4,steel,dragon,2,pressure,telepathy,100,0.15,120,0.18,120,0.18,150,0.22,100,0.15,90,0.13,680,sp_attack,270,320,average,388.89,3,slightly_specialized,0.83,top_tier,0.83,top_tier,2,9,1,4.0,iron,bulky_attacker,iron-bulky_attacker,5.4,683.0,23.42,light,1,0.0,legendary,306.0,92,3,0,120,no-eggs,slow,quadruped,white,Temporal Pokémon,It has the power to control time. It appears in Sinnoh-region myths as an ancient deity.,dialga,1,0,0,0.5,1.0,0.5,0.5,0.25,1.0,2.0,0.0,2.0,0.5,0.5,0.5,0.5,1.0,1.0,1.0,0.5,1.0
483,dialga,dialga-origin,4,steel,dragon,2,pressure,telepathy,100,0.15,100,0.15,120,0.18,150,0.22,120,0.18,90,0.13,680,sp_attack,250,340,average,388.89,3,slightly_specialized,0.83,top_tier,0.83,top_tier,2,9,1,4.0,iron,bulky_attacker,iron-bulky_attacker,7.0,848.7,17.32,very_light,1,0.0,legendary,306.0,59,3,0,120,no-eggs,slow,quadruped,white,Temporal Pokémon,It has the power to control time. It appears in Sinnoh-region myths as an ancient deity.,dialga,1,0,0,0.5,1.0,0.5,0.5,0.25,1.0,2.0,0.0,2.0,0.5,0.5,0.5,0.5,1.0,1.0,1.0,0.5,1.0
484,palkia,palkia,4,water,dragon,2,pressure,telepathy,90,0.13,120,0.18,100,0.15,150,0.22,120,0.18,100,0.15,680,sp_attack,270,310,fast,388.89,3,slightly_specialized,0.83,top_tier,0.83,top_tier,2,3,0,-0.5,exposed,juggernaut,exposed-juggernaut,4.2,336.0,19.05,light,1,0.0,legendary,306.0,98,3,0,120,no-eggs,slow,upright,purple,Spatial Pokémon,It has the ability to distort space. It is described as a deity in Sinnoh-region mythology.,palkia,1,0,0,1.0,0.25,0.25,1.0,1.0,1.0,1.0,1.0,1.0,1.0,1.0,1.0,1.0,1.0,2.0,1.0,0.5,2.0
484,palkia,palkia-origin,4,water,dragon,2,pressure,telepathy,90,0.13,100,0.15,100,0.15,150,0.22,120,0.18,120,0.18,680,sp_attack,250,310,fast,388.89,3,slightly_specialized,0.83,top_tier,0.83,top_tier,2,3,0,-0.5,exposed,juggernaut,exposed-juggernaut,6.3,659.0,16.6,very_light,1,0.0,legendary,306.0,63,3,0,120,no-eggs,slow,upright,purple,Spatial Pokémon,It has the ability to distort space. It is described as a deity in Sinnoh-region mythology.,palkia,1,0,0,1.0,0.25,0.25,1.0,1.0,1.0,1.0,1.0,1.0,1.0,1.0,1.0,1.0,1.0,2.0,1.0,0.5,2.0
485,heatran,heatran,4,fire,steel,2,flash-fire,flame-body,91,0.15,90,0.15,106,0.18,130,0.22,106,0.18,77,0.13,600,sp_attack,220,303,average,280.33,3,slightly_specialized,0.77,upper_mid_tier,0.77,upper_mid_tier,3,9,1,3.0,iron,bulky_attacker,iron-bulky_attacker,1.7,430.0,148.79,very_heavy,0,0.5,legendary,270.0,86,3,100,10,no-eggs,slow,quadruped,brown,Lava Dome Pokémon,It dwells in volcanic caves. It digs in with its cross-shaped feet to crawl on ceilings and walls.,heatran,1,0,0,0.5,1.0,2.0,1.0,0.25,0.25,2.0,0.0,4.0,0.5,0.5,0.25,1.0,1.0,0.5,1.0,0.25,0.25
485,heatran,heatran-mega,4,fire,steel,2,,,91,0.13,120,0.17,106,0.15,175,0.25,141,0.2,67,0.1,700,sp_attack,295,338,average,1207.56,5,highly_specialized,0.87,top_tier,0.87,top_tier,3,9,1,3.0,iron,bulky_attacker,iron-bulky_attacker,2.8,570.0,72.7,very_heavy,0,0.5,legendary,,0,3,100,10,no-eggs,slow,quadruped,brown,Lava Dome Pokémon,It dwells in volcanic caves. It digs in with its cross-shaped feet to crawl on ceilings and walls.,heatran,1,0,0,0.5,1.0,2.0,1.0,0.25,0.25,2.0,0.0,4.0,0.5,0.5,0.25,1.0,1.0,0.5,1.0,0.25,0.25
486,regigigas,regigigas,4,normal,,1,slow-start,,110,0.16,160,0.24,110,0.16,80,0.12,110,0.16,100,0.15,670,attack,240,330,fast,580.56,4,specialized,0.81,top_tier,0.81,top_tier,1,0,1,0.5,neutral,juggernaut,neutral-juggernaut,3.7,420.0,30.68,average,1,0.0,legendary,302.0,85,3,0,120,no-eggs,slow,humanoid,white,Colossal Pokémon,There is an enduring legend that states this Pokémon towed continents with ropes.,regigigas,1,0,0,1.0,1.0,1.0,1.0,1.0,1.0,2.0,1.0,1.0,1.0,1.0,1.0,1.0,0.0,1.0,1.0,1.0,1.0
487,giratina,giratina-altered,4,ghost,dragon,2,pressure,telepathy,150,0.22,100,0.15,120,0.18,100,0.15,120,0.18,90,0.13,680,hp,200,390,average,388.89,3,slightly_specialized,0.83,top_tier,0.83,top_tier,5,6,2,1.0,solid,bulky_attacker,solid-bulky_attacker,4.5,750.0,37.04,heavy,1,0.0,legendary,306.0,95,3,0,120,no-eggs,slow,tentacles,black,Renegade Pokémon,A Pokémon that is said to live in a world on the reverse side of ours. It appears in an ancient cemetery.,giratina,1,0,0,0.0,0.5,0.5,0.5,0.5,2.0,0.0,0.5,1.0,1.0,1.0,0.5,1.0,2.0,2.0,2.0,1.0,2.0
487,giratina,giratina-origin,4,ghost,dragon,2,levitate,,150,0.22,120,0.18,100,0.15,120,0.18,100,0.15,90,0.13,680,hp,240,350,average,388.89,3,slightly_specialized,0.83,top_tier,0.83,top_tier,5,6,2,1.0,solid,bulky_attacker,solid-bulky_attacker,6.9,650.0,13.65,very_light,1,0.0,legendary,340.0,97,3,0,120,no-eggs,slow,tentacles,black,Renegade Pokémon,A Pokémon that is said to live in a world on the reverse side of ours. It appears in an ancient cemetery.,giratina,1,0,0,0.0,0.5,0.5,0.5,0.5,2.0,0.0,0.5,1.0,1.0,1.0,0.5,1.0,2.0,2.0,2.0,1.0,2.0
488,cresselia,cresselia,4,psychic,,1,levitate,,120,0.21,70,0.12,110,0.19,75,0.13,120,0.21,85,0.15,580,hp,145,350,average,430.56,4,slightly_specialized,0.72,upper_mid_tier,0.72,upper_mid_tier,3,2,0,-2.0,frail,support,frail-support,1.5,85.6,38.04,heavy,0,1.0,legendary,270.0,82,3,100,120,no-eggs,slow,squiggle,yellow,Lunar Pokémon,Shiny particles are released from its wings like a veil. It is said to represent the crescent moon.,cresselia,1,0,0,1.0,1.0,1.0,1.0,1.0,1.0,0.5,1.0,1.0,1.0,0.5,2.0,1.0,2.0,1.0,2.0,1.0,1.0
489,phione,phione,4,water,,1,hydration,,80,0.17,80,0.17,80,0.17,80,0.17,80,0.17,80,0.17,480,hp,160,240,average,0.0,1,balanced,0.42,mid_tier,0.42,mid_tier,2,4,0,0.0,exposed,balanced,exposed-balanced,0.4,3.1,19.37,light,1,0.0,mythical,216.0,68,30,70,40,"water1, fairy",slow,arms,blue,Sea Drifter Pokémon,"It drifts in warm seas. It always returns to where it was born, no matter how far it may have drifted.",phione --> manaphy,2,1,0,1.0,0.5,0.5,2.0,2.0,0.5,1.0,1.0,1.0,1.0,1.0,1.0,1.0,1.0,1.0,1.0,0.5,1.0
490,manaphy,manaphy,4,water,,1,hydration,,100,0.17,100,0.17,100,0.17,100,0.17,100,0.17,100,0.17,600,hp,200,300,fast,0.0,1,balanced,0.77,upper_mid_tier,0.77,upper_mid_tier,2,4,0,0.0,exposed,juggernaut,exposed-juggernaut,0.3,1.4,15.56,very_light,1,0.0,mythical,270.0,83,3,70,10,"water1, fairy",slow,humanoid,blue,Seafaring Pokémon,"Born on a cold seafloor, it will swim great distances to return to its birthplace.",phione --> manaphy,2,2,1,1.0,0.5,0.5,2.0,2.0,0.5,1.0,1.0,1.0,1.0,1.0,1.0,1.0,1.0,1.0,1.0,0.5,1.0
491,darkrai,darkrai,4,dark,,1,bad-dreams,,70,0.12,90,0.15,90,0.15,135,0.22,90,0.15,125,0.21,600,sp_attack,225,250,fast,508.33,4,specialized,0.77,upper_mid_tier,0.77,upper_mid_tier,3,2,1,-0.5,exposed,sweeper,exposed-sweeper,1.5,50.5,22.44,light,1,0.0,mythical,270.0,94,3,0,120,no-eggs,slow,humanoid,black,Pitch-Black Pokémon,It can lull people to sleep and make them dream. It is active during nights of the new moon.,darkrai,1,0,0,1.0,1.0,1.0,1.0,1.0,1.0,2.0,1.0,1.0,1.0,0.0,2.0,1.0,0.5,1.0,0.5,1.0,2.0
491,darkrai,darkrai-mega,4,dark,,1,,,70,0.1,120,0.17,130,0.19,165,0.24,130,0.19,85,0.12,700,sp_attack,285,330,average,980.56,5,highly_specialized,0.87,top_tier,0.87,top_tier,3,2,1,-0.5,exposed,bulky_attacker,exposed-bulky_attacker,3.0,240.0,26.67,light,1,0.0,mythical,,0,3,0,120,no-eggs,slow,humanoid,black,Pitch-Black Pokémon,It can lull people to sleep and make them dream. It is active during nights of the new moon.,darkrai,1,0,0,1.0,1.0,1.0,1.0,1.0,1.0,2.0,1.0,1.0,1.0,0.0,2.0,1.0,0.5,1.0,0.5,1.0,2.0
492,shaymin,shaymin-land,4,grass,,1,natural-cure,,100,0.17,100,0.17,100,0.17,100,0.17,100,0.17,100,0.17,600,hp,200,300,fast,0.0,1,balanced,0.77,upper_mid_tier,0.77,upper_mid_tier,5,4,0,-3.0,frail,juggernaut,frail-juggernaut,0.2,2.1,52.5,very_heavy,1,0.0,mythical,270.0,76,45,100,120,no-eggs,medium-slow,quadruped,green,Gratitude Pokémon,It lives in flower patches and avoids detection by curling up to look like a flowering plant.,shaymin,1,0,0,1.0,2.0,0.5,0.5,0.5,2.0,1.0,2.0,0.5,2.0,1.0,2.0,1.0,1.0,1.0,1.0,1.0,1.0
492,shaymin,shaymin-sky,4,grass,flying,2,serene-grace,,100,0.17,103,0.17,75,0.12,120,0.2,75,0.12,127,0.21,600,speed,223,250,fast,398.0,4,slightly_specialized,0.77,upper_mid_tier,0.77,upper_mid_tier,5,3,1,-2.0,frail,sweeper,frail-sweeper,0.4,5.2,32.5,heavy,1,0.0,mythical,270.0,68,45,100,120,no-eggs,medium-slow,quadruped,green,Gratitude Pokémon,It lives in flower patches and avoids detection by curling up to look like a flowering plant.,shaymin,1,0,0,1.0,2.0,0.5,1.0,0.25,4.0,0.5,2.0,0.0,2.0,1.0,1.0,2.0,1.0,1.0,1.0,1.0,1.0
493,arceus,arceus-normal,4,normal,,1,multitype,,120,0.17,120,0.17,120,0.17,120,0.17,120,0.17,120,0.17,720,hp,240,360,fast,0.0,1,balanced,0.94,top_tier,0.94,top_tier,1,0,1,0.5,neutral,juggernaut,neutral-juggernaut,3.2,320.0,31.25,average,1,0.0,mythical,324.0,173,3,0,120,no-eggs,slow,quadruped,white,Alpha Pokémon,"It is described in mythology as the Pokémon that shaped the universe with its 1,000 arms.",arceus,1,0,0,1.0,1.0,1.0,1.0,1.0,1.0,2.0,1.0,1.0,1.0,1.0,1.0,1.0,0.0,1.0,1.0,1.0,1.0
493,arceus,arceus-bug,4,normal,,1,multitype,,120,0.17,120,0.17,120,0.17,120,0.17,120,0.17,120,0.17,720,hp,240,360,fast,0.0,1,balanced,0.94,top_tier,0.94,top_tier,1,0,1,0.5,neutral,juggernaut,neutral-juggernaut,3.2,320.0,31.25,average,1,0.0,mythical,324.0,173,3,0,120,no-eggs,slow,quadruped,white,Alpha Pokémon,"It is described in mythology as the Pokémon that shaped the universe with its 1,000 arms.",arceus,1,0,0,1.0,1.0,1.0,1.0,1.0,1.0,2.0,1.0,1.0,1.0,1.0,1.0,1.0,0.0,1.0,1.0,1.0,1.0
493,arceus,arceus-dark,4,normal,,1,multitype,,120,0.17,120,0.17,120,0.17,120,0.17,120,0.17,120,0.17,720,hp,240,360,fast,0.0,1,balanced,0.94,top_tier,0.94,top_tier,1,0,1,0.5,neutral,juggernaut,neutral-juggernaut,3.2,320.0,31.25,average,1,0.0,mythical,324.0,173,3,0,120,no-eggs,slow,quadruped,white,Alpha Pokémon,"It is described in mythology as the Pokémon that shaped the universe with its 1,000 arms.",arceus,1,0,0,1.0,1.0,1.0,1.0,1.0,1.0,2.0,1.0,1.0,1.0,1.0,1.0,1.0,0.0,1.0,1.0,1.0,1.0
493,arceus,arceus-dragon,4,normal,,1,multitype,,120,0.17,120,0.17,120,0.17,120,0.17,120,0.17,120,0.17,720,hp,240,360,fast,0.0,1,balanced,0.94,top_tier,0.94,top_tier,1,0,1,0.5,neutral,juggernaut,neutral-juggernaut,3.2,320.0,31.25,average,1,0.0,mythical,324.0,173,3,0,120,no-eggs,slow,quadruped,white,Alpha Pokémon,"It is described in mythology as the Pokémon that shaped the universe with its 1,000 arms.",arceus,1,0,0,1.0,1.0,1.0,1.0,1.0,1.0,2.0,1.0,1.0,1.0,1.0,1.0,1.0,0.0,1.0,1.0,1.0,1.0
493,arceus,arceus-electric,4,normal,,1,multitype,,120,0.17,120,0.17,120,0.17,120,0.17,120,0.17,120,0.17,720,hp,240,360,fast,0.0,1,balanced,0.94,top_tier,0.94,top_tier,1,0,1,0.5,neutral,juggernaut,neutral-juggernaut,3.2,320.0,31.25,average,1,0.0,mythical,324.0,173,3,0,120,no-eggs,slow,quadruped,white,Alpha Pokémon,"It is described in mythology as the Pokémon that shaped the universe with its 1,000 arms.",arceus,1,0,0,1.0,1.0,1.0,1.0,1.0,1.0,2.0,1.0,1.0,1.0,1.0,1.0,1.0,0.0,1.0,1.0,1.0,1.0
493,arceus,arceus-fighting,4,normal,,1,multitype,,120,0.17,120,0.17,120,0.17,120,0.17,120,0.17,120,0.17,720,hp,240,360,fast,0.0,1,balanced,0.94,top_tier,0.94,top_tier,1,0,1,0.5,neutral,juggernaut,neutral-juggernaut,3.2,320.0,31.25,average,1,0.0,mythical,324.0,173,3,0,120,no-eggs,slow,quadruped,white,Alpha Pokémon,"It is described in mythology as the Pokémon that shaped the universe with its 1,000 arms.",arceus,1,0,0,1.0,1.0,1.0,1.0,1.0,1.0,2.0,1.0,1.0,1.0,1.0,1.0,1.0,0.0,1.0,1.0,1.0,1.0
493,arceus,arceus-fire,4,normal,,1,multitype,,120,0.17,120,0.17,120,0.17,120,0.17,120,0.17,120,0.17,720,hp,240,360,fast,0.0,1,balanced,0.94,top_tier,0.94,top_tier,1,0,1,0.5,neutral,juggernaut,neutral-juggernaut,3.2,320.0,31.25,average,1,0.0,mythical,324.0,173,3,0,120,no-eggs,slow,quadruped,white,Alpha Pokémon,"It is described in mythology as the Pokémon that shaped the universe with its 1,000 arms.",arceus,1,0,0,1.0,1.0,1.0,1.0,1.0,1.0,2.0,1.0,1.0,1.0,1.0,1.0,1.0,0.0,1.0,1.0,1.0,1.0
493,arceus,arceus-flying,4,normal,,1,multitype,,120,0.17,120,0.17,120,0.17,120,0.17,120,0.17,120,0.17,720,hp,240,360,fast,0.0,1,balanced,0.94,top_tier,0.94,top_tier,1,0,1,0.5,neutral,juggernaut,neutral-juggernaut,3.2,320.0,31.25,average,1,0.0,mythical,324.0,173,3,0,120,no-eggs,slow,quadruped,white,Alpha Pokémon,"It is described in mythology as the Pokémon that shaped the universe with its 1,000 arms.",arceus,1,0,0,1.0,1.0,1.0,1.0,1.0,1.0,2.0,1.0,1.0,1.0,1.0,1.0,1.0,0.0,1.0,1.0,1.0,1.0
493,arceus,arceus-ghost,4,normal,,1,multitype,,120,0.17,120,0.17,120,0.17,120,0.17,120,0.17,120,0.17,720,hp,240,360,fast,0.0,1,balanced,0.94,top_tier,0.94,top_tier,1,0,1,0.5,neutral,juggernaut,neutral-juggernaut,3.2,320.0,31.25,average,1,0.0,mythical,324.0,173,3,0,120,no-eggs,slow,quadruped,white,Alpha Pokémon,"It is described in mythology as the Pokémon that shaped the universe with its 1,000 arms.",arceus,1,0,0,1.0,1.0,1.0,1.0,1.0,1.0,2.0,1.0,1.0,1.0,1.0,1.0,1.0,0.0,1.0,1.0,1.0,1.0
493,arceus,arceus-grass,4,normal,,1,multitype,,120,0.17,120,0.17,120,0.17,120,0.17,120,0.17,120,0.17,720,hp,240,360,fast,0.0,1,balanced,0.94,top_tier,0.94,top_tier,1,0,1,0.5,neutral,juggernaut,neutral-juggernaut,3.2,320.0,31.25,average,1,0.0,mythical,324.0,173,3,0,120,no-eggs,slow,quadruped,white,Alpha Pokémon,"It is described in mythology as the Pokémon that shaped the universe with its 1,000 arms.",arceus,1,0,0,1.0,1.0,1.0,1.0,1.0,1.0,2.0,1.0,1.0,1.0,1.0,1.0,1.0,0.0,1.0,1.0,1.0,1.0
493,arceus,arceus-ground,4,normal,,1,multitype,,120,0.17,120,0.17,120,0.17,120,0.17,120,0.17,120,0.17,720,hp,240,360,fast,0.0,1,balanced,0.94,top_tier,0.94,top_tier,1,0,1,0.5,neutral,juggernaut,neutral-juggernaut,3.2,320.0,31.25,average,1,0.0,mythical,324.0,173,3,0,120,no-eggs,slow,quadruped,white,Alpha Pokémon,"It is described in mythology as the Pokémon that shaped the universe with its 1,000 arms.",arceus,1,0,0,1.0,1.0,1.0,1.0,1.0,1.0,2.0,1.0,1.0,1.0,1.0,1.0,1.0,0.0,1.0,1.0,1.0,1.0
493,arceus,arceus-ice,4,normal,,1,multitype,,120,0.17,120,0.17,120,0.17,120,0.17,120,0.17,120,0.17,720,hp,240,360,fast,0.0,1,balanced,0.94,top_tier,0.94,top_tier,1,0,1,0.5,neutral,juggernaut,neutral-juggernaut,3.2,320.0,31.25,average,1,0.0,mythical,324.0,173,3,0,120,no-eggs,slow,quadruped,white,Alpha Pokémon,"It is described in mythology as the Pokémon that shaped the universe with its 1,000 arms.",arceus,1,0,0,1.0,1.0,1.0,1.0,1.0,1.0,2.0,1.0,1.0,1.0,1.0,1.0,1.0,0.0,1.0,1.0,1.0,1.0
493,arceus,arceus-poison,4,normal,,1,multitype,,120,0.17,120,0.17,120,0.17,120,0.17,120,0.17,120,0.17,720,hp,240,360,fast,0.0,1,balanced,0.94,top_tier,0.94,top_tier,1,0,1,0.5,neutral,juggernaut,neutral-juggernaut,3.2,320.0,31.25,average,1,0.0,mythical,324.0,173,3,0,120,no-eggs,slow,quadruped,white,Alpha Pokémon,"It is described in mythology as the Pokémon that shaped the universe with its 1,000 arms.",arceus,1,0,0,1.0,1.0,1.0,1.0,1.0,1.0,2.0,1.0,1.0,1.0,1.0,1.0,1.0,0.0,1.0,1.0,1.0,1.0
493,arceus,arceus-psychic,4,normal,,1,multitype,,120,0.17,120,0.17,120,0.17,120,0.17,120,0.17,120,0.17,720,hp,240,360,fast,0.0,1,balanced,0.94,top_tier,0.94,top_tier,1,0,1,0.5,neutral,juggernaut,neutral-juggernaut,3.2,320.0,31.25,average,1,0.0,mythical,324.0,173,3,0,120,no-eggs,slow,quadruped,white,Alpha Pokémon,"It is described in mythology as the Pokémon that shaped the universe with its 1,000 arms.",arceus,1,0,0,1.0,1.0,1.0,1.0,1.0,1.0,2.0,1.0,1.0,1.0,1.0,1.0,1.0,0.0,1.0,1.0,1.0,1.0
493,arceus,arceus-rock,4,normal,,1,multitype,,120,0.17,120,0.17,120,0.17,120,0.17,120,0.17,120,0.17,720,hp,240,360,fast,0.0,1,balanced,0.94,top_tier,0.94,top_tier,1,0,1,0.5,neutral,juggernaut,neutral-juggernaut,3.2,320.0,31.25,average,1,0.0,mythical,324.0,173,3,0,120,no-eggs,slow,quadruped,white,Alpha Pokémon,"It is described in mythology as the Pokémon that shaped the universe with its 1,000 arms.",arceus,1,0,0,1.0,1.0,1.0,1.0,1.0,1.0,2.0,1.0,1.0,1.0,1.0,1.0,1.0,0.0,1.0,1.0,1.0,1.0
493,arceus,arceus-steel,4,normal,,1,multitype,,120,0.17,120,0.17,120,0.17,120,0.17,120,0.17,120,0.17,720,hp,240,360,fast,0.0,1,balanced,0.94,top_tier,0.94,top_tier,1,0,1,0.5,neutral,juggernaut,neutral-juggernaut,3.2,320.0,31.25,average,1,0.0,mythical,324.0,173,3,0,120,no-eggs,slow,quadruped,white,Alpha Pokémon,"It is described in mythology as the Pokémon that shaped the universe with its 1,000 arms.",arceus,1,0,0,1.0,1.0,1.0,1.0,1.0,1.0,2.0,1.0,1.0,1.0,1.0,1.0,1.0,0.0,1.0,1.0,1.0,1.0
493,arceus,arceus-water,4,normal,,1,multitype,,120,0.17,120,0.17,120,0.17,120,0.17,120,0.17,120,0.17,720,hp,240,360,fast,0.0,1,balanced,0.94,top_tier,0.94,top_tier,1,0,1,0.5,neutral,juggernaut,neutral-juggernaut,3.2,320.0,31.25,average,1,0.0,mythical,324.0,173,3,0,120,no-eggs,slow,quadruped,white,Alpha Pokémon,"It is described in mythology as the Pokémon that shaped the universe with its 1,000 arms.",arceus,1,0,0,1.0,1.0,1.0,1.0,1.0,1.0,2.0,1.0,1.0,1.0,1.0,1.0,1.0,0.0,1.0,1.0,1.0,1.0
493,arceus,arceus-unknown,4,normal,,1,multitype,,120,0.17,120,0.17,120,0.17,120,0.17,120,0.17,120,0.17,720,hp,240,360,fast,0.0,1,balanced,0.94,top_tier,0.94,top_tier,1,0,1,0.5,neutral,juggernaut,neutral-juggernaut,3.2,320.0,31.25,average,1,0.0,mythical,324.0,173,3,0,120,no-eggs,slow,quadruped,white,Alpha Pokémon,"It is described in mythology as the Pokémon that shaped the universe with its 1,000 arms.",arceus,1,0,0,1.0,1.0,1.0,1.0,1.0,1.0,2.0,1.0,1.0,1.0,1.0,1.0,1.0,0.0,1.0,1.0,1.0,1.0
493,arceus,arceus-fairy,4,normal,,1,multitype,,120,0.17,120,0.17,120,0.17,120,0.17,120,0.17,120,0.17,720,hp,240,360,fast,0.0,1,balanced,0.94,top_tier,0.94,top_tier,1,0,1,0.5,neutral,juggernaut,neutral-juggernaut,3.2,320.0,31.25,average,1,0.0,mythical,324.0,173,3,0,120,no-eggs,slow,quadruped,white,Alpha Pokémon,"It is described in mythology as the Pokémon that shaped the universe with its 1,000 arms.",arceus,1,0,0,1.0,1.0,1.0,1.0,1.0,1.0,2.0,1.0,1.0,1.0,1.0,1.0,1.0,0.0,1.0,1.0,1.0,1.0
